instrument,ts,side,fcode,r,bars,reason,klass
NQ,2015-08-24 18:00:00+00:00,long,1,2.498376052385407,258,TP,indices
ES,2016-03-04 15:00:00+00:00,short,3,2.488451171171171,24,TP,indices
YM,2016-06-03 18:00:00+00:00,short,3,-1.0375115789473683,4,SL,indices
EURUSD,2016-06-06 13:00:00+00:00,short,4,2.4699893308199816,26,TP,fx_major
GBPJPY,2016-06-20 13:00:00+00:00,short,4,2.4623859317585275,1,TP,fx_cross
USDCHF,2016-06-24 17:00:00+00:00,short,3,-1.016672372491959,5,SL,fx_major
NZDCAD,2016-07-15 09:00:00+00:00,long,2,-1.026604261026566,3,SL,fx_cross
AUDCAD,2016-08-15 09:00:00+00:00,long,2,-1.0162418032786886,12,SL,fx_cross
GBPAUD,2016-09-19 05:00:00+00:00,long,2,-1.0490490283400793,2,SL,fx_cross
AUDNZD,2016-09-22 21:00:00+00:00,short,4,-1.1065168784028843,1,SL,fx_cross
AUDNZD,2016-09-23 17:00:00+00:00,short,4,2.4184416309606145,5,TP,fx_cross
PL,2016-11-10 11:00:00+00:00,long,2,-1.0055421754385965,0,SAME_BAR_SL,metals
PL,2016-11-10 23:00:00+00:00,long,1,-1.0098702222222222,3,SL,metals
EURGBP,2016-11-11 06:00:00+00:00,long,1,-1.0181875018754685,0,SAME_BAR_SL,fx_cross
EURGBP,2016-11-11 10:00:00+00:00,long,2,2.46208245959795,11,TP,fx_cross
AUDCAD,2017-01-19 10:00:00+00:00,short,3,-1.0580697160557553,2,SL,fx_cross
USDCAD,2017-01-19 10:00:00+00:00,short,3,-1.0676927694406584,0,SAME_BAR_SL,fx_major
AUDNZD,2017-02-02 14:00:00+00:00,short,4,2.4491165397923846,15,TP,fx_cross
NZDCAD,2017-02-09 18:00:00+00:00,long,2,-1.0436705006206044,4,SL,fx_cross
EURCHF,2017-03-13 05:00:00+00:00,short,3,-1.0151227958062905,242,SL,fx_cross
GBPCAD,2017-03-30 05:00:00+00:00,long,2,2.4748531741725452,28,TP,fx_cross
GBPCHF,2017-03-31 09:00:00+00:00,short,3,-1.0491893596059103,1,SL,fx_cross
EURGBP,2017-03-31 09:00:00+00:00,long,2,-1.0548995535203196,1,SL,fx_cross
EURJPY,2017-04-25 13:00:00+00:00,short,3,-1.062665340699815,2,SL,fx_cross
USDCHF,2017-05-09 09:00:00+00:00,short,3,-1.0624401556420198,0,SAME_BAR_SL,fx_major
USDCHF,2017-05-09 13:00:00+00:00,short,4,-1.0406232155731774,11,SL,fx_major
CADJPY,2017-05-17 17:00:00+00:00,long,1,-1.0325108129215463,0,SAME_BAR_SL,fx_cross
NQ,2017-06-12 10:00:00+00:00,long,2,-1.0257043971631206,0,SAME_BAR_SL,indices
CADCHF,2017-06-13 05:00:00+00:00,short,4,-1.0645219889502764,2,SL,fx_cross
USDCAD,2017-06-13 09:00:00+00:00,long,2,-1.0542855888807632,1,SL,fx_major
EURCAD,2017-06-13 09:00:00+00:00,long,2,-1.0769178908418116,1,SL,fx_cross
CADCHF,2017-06-14 09:00:00+00:00,short,3,-1.0508928138528117,12,SL,fx_cross
EURNZD,2017-06-28 13:00:00+00:00,short,3,-1.01815746982938,7,SL,fx_cross
EURUSD,2017-06-28 13:00:00+00:00,short,3,-1.0248772100313468,3,SL,fx_major
EURCAD,2017-08-29 13:00:00+00:00,short,4,2.4063500998890026,1,TP,fx_cross
GBPCHF,2017-10-23 17:00:00+00:00,short,4,-1.059138224564243,9,SL,fx_cross
GBPCAD,2017-11-03 09:00:00+00:00,long,2,2.4652583172002993,13,TP,fx_cross
GBPJPY,2017-11-30 06:00:00+00:00,short,4,-1.040581476510067,2,SL,fx_cross
CADJPY,2017-12-04 10:00:00+00:00,short,3,2.4510957100881496,9,TP,fx_cross
EURCAD,2017-12-04 10:00:00+00:00,long,1,-1.0637302043906134,0,SAME_BAR_SL,fx_cross
AUDJPY,2018-02-06 02:00:00+00:00,long,2,-1.1003000000000003,0,SAME_BAR_SL,fx_cross
EURAUD,2018-03-16 13:00:00+00:00,short,3,-1.0274735723114958,4,SL,fx_cross
NKD,2018-03-29 10:00:00+00:00,short,3,-1.0157094252873564,1,SL,indices
NZDCHF,2018-04-04 21:00:00+00:00,short,4,2.459986049822063,10,TP,fx_cross
AUDJPY,2018-05-11 01:00:00+00:00,short,3,-1.0830552517985552,2,SL,fx_cross
AUDNZD,2018-05-11 05:00:00+00:00,short,3,-1.0724965550239338,4,SL,fx_cross
EURCHF,2018-05-16 05:00:00+00:00,long,1,-1.1651832418952224,1,SL,fx_cross
EURJPY,2018-05-24 09:00:00+00:00,long,2,-1.0321634347048319,1,SL,fx_cross
GBPJPY,2018-05-24 13:00:00+00:00,long,2,-1.019996632403329,15,SL,fx_cross
NZDCAD,2018-06-28 09:00:00+00:00,long,2,-1.1057564705882332,1,SL,fx_cross
EURJPY,2018-08-13 01:00:00+00:00,long,2,2.4663318120805373,3,TP,fx_cross
GBPCAD,2018-08-22 09:00:00+00:00,short,3,-1.1334180169971826,0,SAME_BAR_SL,fx_cross
EURAUD,2018-08-23 13:00:00+00:00,short,3,-1.051982750582749,22,SL,fx_cross
GBPCHF,2018-09-11 05:00:00+00:00,short,4,2.457052956050572,1,TP,fx_cross
EURAUD,2018-09-13 05:00:00+00:00,long,2,2.4564763479096587,16,TP,fx_cross
EURGBP,2018-09-24 13:00:00+00:00,short,3,2.4480173913043513,12,TP,fx_cross
EURCAD,2018-10-01 13:00:00+00:00,long,2,-1.0484109557109593,4,SL,fx_cross
ES,2018-10-08 18:00:00+00:00,short,4,-1.0315842735042735,5,SL,indices
GBPCHF,2018-11-01 13:00:00+00:00,short,3,-1.0408998090960138,8,SL,fx_cross
AUDUSD,2018-11-02 01:00:00+00:00,short,3,-1.072010818505333,0,SAME_BAR_SL,fx_major
AUDUSD,2018-11-02 09:00:00+00:00,short,3,-1.013812698844324,61,SL,fx_major
NZDCHF,2019-02-07 22:00:00+00:00,long,1,2.446462096317281,6,TP,fx_cross
PL,2019-03-28 06:00:00+00:00,short,3,-1.005488792079208,29,SL,metals
PA,2019-03-28 06:00:00+00:00,long,1,-1.009295,0,SAME_BAR_SL,metals
PA,2019-03-28 14:00:00+00:00,long,2,-1.0080283428571428,0,SAME_BAR_SL,metals
HG,2019-03-29 06:00:00+00:00,short,4,-1.0137623703703706,0,SAME_BAR_SL,metals
CL,2019-04-26 06:00:00+00:00,long,1,-1.0306101492537305,0,SAME_BAR_SL,commodities
NG,2019-04-26 10:00:00+00:00,short,4,-1.0132593548387099,0,SAME_BAR_SL,commodities
NZDCAD,2019-05-24 09:00:00+00:00,short,3,-1.0499990263691674,14,SL,fx_cross
USDCHF,2019-08-05 05:00:00+00:00,long,1,-1.0645976859504167,1,SL,fx_major
EURCAD,2019-08-05 17:00:00+00:00,short,4,-1.0996469795427217,0,SAME_BAR_SL,fx_cross
EURCAD,2019-08-07 01:00:00+00:00,short,3,-1.0675919093851076,3,SL,fx_cross
AUDUSD,2019-09-04 13:00:00+00:00,short,3,-1.2348888888888954,0,SAME_BAR_SL,fx_major
GBPUSD,2019-09-05 05:00:00+00:00,short,4,-1.0979377777777681,1,SL,fx_major
NZDJPY,2019-09-05 09:00:00+00:00,short,3,-1.0610113738019138,1,SL,fx_cross
YM,2019-09-25 18:00:00+00:00,short,3,2.4885272340425533,27,TP,indices
EURGBP,2019-10-11 05:00:00+00:00,long,2,-1.0479335014549,1,SL,fx_cross
GBPCHF,2019-10-11 09:00:00+00:00,short,4,-1.0485937482710936,0,SAME_BAR_SL,fx_cross
GBPUSD,2019-10-11 09:00:00+00:00,short,4,-1.0489941747572775,0,SAME_BAR_SL,fx_major
GBPCAD,2019-10-11 09:00:00+00:00,short,3,2.4624411173184355,3,TP,fx_cross
GBPJPY,2019-10-11 09:00:00+00:00,short,3,-1.0287278300455238,0,SAME_BAR_SL,fx_cross
NG,2019-10-29 10:00:00+00:00,short,3,-1.0102321951219513,0,SAME_BAR_SL,commodities
AUDCHF,2019-11-11 18:00:00+00:00,long,2,-1.0485190839694631,6,SL,fx_cross
AUDNZD,2019-11-14 10:00:00+00:00,long,1,2.408658064516123,2,TP,fx_cross
EURCHF,2019-11-18 14:00:00+00:00,short,3,-1.0458353293413127,4,SL,fx_cross
AUDJPY,2020-01-05 22:00:00+00:00,long,1,-1.0775077264325328,0,SAME_BAR_SL,fx_cross
EURJPY,2020-02-20 06:00:00+00:00,short,3,-1.0859493129770992,0,SAME_BAR_SL,fx_cross
CHFJPY,2020-02-20 10:00:00+00:00,short,3,2.4584097916666683,13,TP,fx_cross
EURUSD,2020-02-28 06:00:00+00:00,short,3,-1.052675358361773,4,SL,fx_major
USDCAD,2020-02-28 18:00:00+00:00,short,3,2.4340877057793358,1,TP,fx_major
AUDCAD,2020-03-05 06:00:00+00:00,short,4,2.4266891083271953,2,TP,fx_cross
EURCHF,2020-03-09 09:00:00+00:00,long,2,-1.027884628410159,43,SL,fx_cross
NG,2020-03-09 10:00:00+00:00,short,4,-1.0076266666666667,0,SAME_BAR_SL,commodities
USDCAD,2020-03-09 17:00:00+00:00,short,4,-1.0185544485025568,5,SL,fx_major
CL,2020-03-09 18:00:00+00:00,long,2,-1.0005606356413166,39,SL,commodities
AUDCAD,2020-03-13 01:00:00+00:00,long,2,-1.0076944840525328,3,SL,fx_cross
HG,2020-03-15 22:00:00+00:00,short,3,2.4942777142857144,2,TP,metals
NZDUSD,2020-03-19 09:00:00+00:00,long,2,2.496155740221762,178,TP,fx_major
NG,2020-04-20 18:00:00+00:00,short,3,2.4970490566037737,5,TP,commodities
GBPAUD,2020-05-01 05:00:00+00:00,short,4,2.4807402894458175,25,TP,fx_cross
EURAUD,2020-06-02 21:00:00+00:00,long,1,-1.0465807194244614,0,SAME_BAR_SL,fx_cross
USDJPY,2020-06-09 13:00:00+00:00,long,1,-1.1156346360153402,0,SAME_BAR_SL,fx_major
SI,2020-07-22 10:00:00+00:00,short,3,-1.008051270718232,0,SAME_BAR_SL,metals
AUDJPY,2020-07-24 17:00:00+00:00,long,2,2.4433878542510152,1,TP,fx_cross
PA,2020-07-30 10:00:00+00:00,long,1,-1.0191977142857143,0,SAME_BAR_SL,metals
SI,2020-08-11 22:00:00+00:00,long,1,-1.0046151319648093,1,SL,metals
SI,2020-08-12 10:00:00+00:00,long,2,-1.000845820818229,180,SL,metals
EURGBP,2020-09-08 17:00:00+00:00,short,3,-1.0704139805825228,2,SL,fx_cross
GBPJPY,2020-09-08 21:00:00+00:00,long,1,-1.0407333191940622,10,SL,fx_cross
AUDJPY,2020-09-30 05:00:00+00:00,short,3,-1.022387198298777,2,SL,fx_cross
CL,2020-11-03 23:00:00+00:00,short,4,2.491573333333333,2,TP,commodities
GBPCHF,2020-11-11 06:00:00+00:00,short,3,-1.0461605420054205,0,SAME_BAR_SL,fx_cross
EURCHF,2020-12-18 06:00:00+00:00,short,3,2.4298111778290985,5,TP,fx_cross
USDCAD,2020-12-21 10:00:00+00:00,short,4,-1.054499773926148,0,SAME_BAR_SL,fx_major
CADJPY,2021-02-16 10:00:00+00:00,short,3,-1.033006779661017,19,SL,fx_cross
EURGBP,2021-02-26 06:00:00+00:00,short,3,2.4535535680304474,4,TP,fx_cross
AUDCAD,2021-02-26 14:00:00+00:00,long,1,2.4523109643788024,11,TP,fx_cross
EURCAD,2021-04-07 05:00:00+00:00,short,3,-1.0414827777777784,0,SAME_BAR_SL,fx_cross
EURCAD,2021-04-07 13:00:00+00:00,short,4,2.4504459433962267,11,TP,fx_cross
EURGBP,2021-04-07 13:00:00+00:00,short,3,2.401260936863548,3,TP,fx_cross
GBPCAD,2021-04-20 13:00:00+00:00,short,4,2.449767198364009,6,TP,fx_cross
CL,2021-05-24 22:00:00+00:00,short,3,-1.0054772093023256,18,SL,commodities
USDCAD,2021-06-18 09:00:00+00:00,short,3,-1.0520959759759752,1,SL,fx_major
USDCHF,2021-06-18 09:00:00+00:00,short,3,-1.1037205633802787,0,SAME_BAR_SL,fx_major
NZDJPY,2021-06-18 13:00:00+00:00,long,2,-1.0370937024221452,3,SL,fx_cross
USDCHF,2021-06-18 13:00:00+00:00,short,4,-1.0673153585397648,1,SL,fx_major
CADJPY,2021-06-21 01:00:00+00:00,long,1,-1.064535979112265,0,SAME_BAR_SL,fx_cross
GBPJPY,2021-06-21 01:00:00+00:00,long,2,-1.0491464516129068,0,SAME_BAR_SL,fx_cross
EURCHF,2021-08-09 17:00:00+00:00,short,4,-1.1630264150943448,3,SL,fx_cross
EURCHF,2021-08-17 05:00:00+00:00,long,2,-1.093770733229332,1,SL,fx_cross
EURCAD,2021-08-20 05:00:00+00:00,short,4,-1.0534032487309637,0,SAME_BAR_SL,fx_cross
USDCAD,2021-08-24 13:00:00+00:00,long,1,-1.2091691394658557,0,SAME_BAR_SL,fx_major
GBPCHF,2021-09-21 09:00:00+00:00,long,2,-1.0391801550387612,1,SL,fx_cross
GBPJPY,2021-09-23 21:00:00+00:00,short,3,-1.0535304918032782,8,SL,fx_cross
EURJPY,2021-09-23 21:00:00+00:00,short,3,-1.0867437320574267,2,SL,fx_cross
NKD,2021-10-04 14:00:00+00:00,long,1,-1.0206970114942528,0,SAME_BAR_SL,indices
EURAUD,2021-11-03 13:00:00+00:00,short,4,2.3984943089430897,2,TP,fx_cross
EURGBP,2021-11-16 06:00:00+00:00,long,1,-1.0935532015810305,0,SAME_BAR_SL,fx_cross
EURCAD,2021-11-26 18:00:00+00:00,short,4,2.4700091648189204,39,TP,fx_cross
CADJPY,2021-11-29 06:00:00+00:00,long,2,2.456844969591662,2,TP,fx_cross
EURGBP,2022-02-04 06:00:00+00:00,short,3,-1.0464877165354314,1,SL,fx_cross
EURCHF,2022-02-04 10:00:00+00:00,short,4,-1.0563532635585156,2,SL,fx_cross
AUDCAD,2022-03-14 13:00:00+00:00,long,1,-1.0384003566121849,6,SL,fx_cross
CADCHF,2022-05-19 05:00:00+00:00,long,1,-1.0265514851485154,0,SAME_BAR_SL,fx_cross
NZDJPY,2022-06-13 05:00:00+00:00,long,2,-1.0258996197718622,0,SAME_BAR_SL,fx_cross
USDCAD,2022-06-13 05:00:00+00:00,short,3,-1.0537051308900485,1,SL,fx_major
GBPJPY,2022-06-13 13:00:00+00:00,long,2,2.4529918181818164,3,TP,fx_cross
GBPJPY,2022-06-14 05:00:00+00:00,long,2,-1.0471788429752085,1,SL,fx_cross
AUDCAD,2022-06-16 17:00:00+00:00,short,4,-1.1322847668393639,0,SAME_BAR_SL,fx_cross
EURCHF,2022-06-17 09:00:00+00:00,long,2,2.443727236580513,1,TP,fx_cross
SI,2022-07-10 22:00:00+00:00,long,2,-1.0042303780068729,6,SL,metals
GBPAUD,2022-08-02 21:00:00+00:00,short,3,2.449829582909461,5,TP,fx_cross
USDCHF,2022-09-08 21:00:00+00:00,long,2,-1.0981744927536277,1,SL,fx_major
GBPCHF,2022-09-30 13:00:00+00:00,short,4,-1.0229065274151434,2,SL,fx_cross
CADJPY,2023-03-10 06:00:00+00:00,long,2,-1.0349907614213194,2,SL,fx_cross
USDCHF,2023-03-10 10:00:00+00:00,long,2,-1.0831843086816735,1,SL,fx_major
NZDJPY,2023-03-10 14:00:00+00:00,long,2,-1.0471831237322493,0,SAME_BAR_SL,fx_cross
CADJPY,2023-03-13 09:00:00+00:00,long,1,2.474848650163475,4,TP,fx_cross
EURNZD,2023-05-25 13:00:00+00:00,short,4,-1.0300869174757281,21,SL,fx_cross
AUDCHF,2023-06-02 05:00:00+00:00,short,3,-1.0300603584229395,6,SL,fx_cross
GBPCAD,2023-06-05 09:00:00+00:00,long,1,2.440474789272029,19,TP,fx_cross
AUDCAD,2023-07-13 13:00:00+00:00,short,4,2.4449813680781753,11,TP,fx_cross
AUDNZD,2023-07-19 05:00:00+00:00,short,4,2.421496082474238,1,TP,fx_cross
GBPJPY,2023-09-15 13:00:00+00:00,long,1,-1.0448891688538944,16,SL,fx_cross
CADCHF,2023-10-02 05:00:00+00:00,long,1,-1.0459643361753956,0,SAME_BAR_SL,fx_cross
GBPCHF,2023-10-16 09:00:00+00:00,long,2,-1.0246041025641024,13,SL,fx_cross
CHFJPY,2023-10-30 13:00:00+00:00,long,2,2.4661822222222223,5,TP,fx_cross
CADJPY,2023-11-20 02:00:00+00:00,long,2,-1.0410028532974431,1,SL,fx_cross
EURCHF,2023-11-30 14:00:00+00:00,long,1,-1.0764303448275878,0,SAME_BAR_SL,fx_cross
EURCAD,2023-12-01 14:00:00+00:00,long,1,-1.0630270137825406,0,SAME_BAR_SL,fx_cross
PA,2023-12-15 15:00:00+00:00,short,4,-1.004473488372093,6,SL,metals
EURGBP,2024-01-04 14:00:00+00:00,long,1,-1.0492680122324165,6,SL,fx_cross
NKD,2024-03-11 02:00:00+00:00,long,1,-1.0138865536723163,3,SL,indices
EURUSD,2024-04-04 05:00:00+00:00,short,3,-1.0743538800489534,1,SL,fx_major
AUDCAD,2024-04-04 09:00:00+00:00,short,3,-1.0569678538812808,2,SL,fx_cross
EURNZD,2024-04-16 13:00:00+00:00,short,3,-1.2591124296676168,0,SAME_BAR_SL,fx_cross
GBPJPY,2024-04-29 09:00:00+00:00,short,3,-1.0048386211760558,236,SL,fx_cross
CHFJPY,2024-04-29 09:00:00+00:00,short,3,-1.0055105849965589,192,SL,fx_cross
USDJPY,2024-04-29 09:00:00+00:00,short,3,-1.004449141927613,262,SL,fx_major
EURJPY,2024-04-29 09:00:00+00:00,short,3,-1.0047568788001622,267,SL,fx_cross
PL,2024-05-20 22:00:00+00:00,long,2,-1.0116579310344829,0,SAME_BAR_SL,metals
CL,2024-05-27 06:00:00+00:00,short,3,-1.0081344625407165,4,SL,commodities
EURCHF,2024-05-31 13:00:00+00:00,long,2,-1.065175743162901,5,SL,fx_cross
EURCHF,2024-06-14 13:00:00+00:00,long,1,-1.129869586374687,0,SAME_BAR_SL,fx_cross
GBPCHF,2024-06-14 13:00:00+00:00,long,1,-1.0278584588287099,11,SL,fx_cross
NZDJPY,2024-07-11 21:00:00+00:00,long,2,-1.0441212398042394,0,SAME_BAR_SL,fx_cross
RTY,2024-07-12 02:00:00+00:00,short,3,-1.0285593388429743,2,SL,indices
AUDCHF,2024-07-17 13:00:00+00:00,long,1,-1.089829433962267,1,SL,fx_cross
GBPNZD,2024-08-01 05:00:00+00:00,long,1,-1.0563649438202258,2,SL,fx_cross
EURNZD,2024-08-01 13:00:00+00:00,long,1,2.460605,6,TP,fx_cross
GBPAUD,2024-08-02 05:00:00+00:00,long,1,2.347342122905024,1,TP,fx_cross
EURGBP,2024-08-04 21:00:00+00:00,short,4,-1.093547397260279,2,SL,fx_cross
GBPJPY,2024-08-05 17:00:00+00:00,long,2,2.4935589457831324,119,TP,fx_cross
EURAUD,2024-08-07 09:00:00+00:00,long,2,-1.0295164963503651,43,SL,fx_cross
AUDCHF,2024-08-07 09:00:00+00:00,short,3,2.467276622039134,2,TP,fx_cross
NZDCHF,2024-08-07 09:00:00+00:00,short,3,-1.0274675757575749,1,SL,fx_cross
CADJPY,2024-08-07 13:00:00+00:00,short,4,-1.0212085190409022,35,SL,fx_cross
NZDJPY,2024-09-04 05:00:00+00:00,long,2,-1.0239271755725183,4,SL,fx_cross
EURNZD,2024-09-24 09:00:00+00:00,long,2,-1.029648963051251,0,SAME_BAR_SL,fx_cross
GBPAUD,2024-10-08 01:00:00+00:00,short,4,2.4299978406169656,18,TP,fx_cross
EURGBP,2024-10-31 09:00:00+00:00,short,3,-1.0917435616438325,0,SAME_BAR_SL,fx_cross
EURGBP,2024-10-31 13:00:00+00:00,short,4,2.4027167078189184,4,TP,fx_cross
CADCHF,2024-11-07 06:00:00+00:00,short,3,-1.028821272430669,30,SL,fx_cross
EURGBP,2024-12-13 14:00:00+00:00,short,3,2.4480418749999977,12,TP,fx_cross
YM,2025-01-27 19:00:00+00:00,short,4,-1.0177732837670384,5,SL,indices
NQ,2025-02-25 11:00:00+00:00,long,1,-1.0112452792718245,1,SL,indices
AUDNZD,2025-03-25 09:00:00+00:00,short,4,-1.1128164102564053,21,SL,fx_cross
GBPCHF,2025-04-04 01:00:00+00:00,long,1,-1.0740424586288462,1,SL,fx_cross
EURCHF,2025-04-06 21:00:00+00:00,long,2,-1.0810214241486051,0,SAME_BAR_SL,fx_cross
AUDNZD,2025-04-07 01:00:00+00:00,long,2,-1.0134198668442076,51,SL,fx_cross
GBPAUD,2025-04-07 13:00:00+00:00,short,4,2.490880456933973,116,TP,fx_cross
AUDCAD,2025-04-07 13:00:00+00:00,long,1,2.490144184324213,35,TP,fx_cross
NZDJPY,2025-04-07 13:00:00+00:00,long,1,-1.0085575065715358,8,SL,fx_cross
AUDCHF,2025-04-07 13:00:00+00:00,long,1,-1.0091689285714285,7,SL,fx_cross
AUDJPY,2025-05-15 21:00:00+00:00,long,1,-1.0238568729940396,24,SL,fx_cross
EURNZD,2025-06-12 21:00:00+00:00,short,3,2.462206886858749,14,TP,fx_cross
GBPJPY,2025-10-06 13:00:00+00:00,short,3,-1.0915192233009716,0,SAME_BAR_SL,fx_cross
AUDCHF,2025-10-17 13:00:00+00:00,long,2,2.489734666190646,204,TP,fx_cross
GBPCAD,2025-10-29 17:00:00+00:00,long,1,-1.100211617933726,0,SAME_BAR_SL,fx_cross
EURCHF,2025-11-12 10:00:00+00:00,long,2,-1.1638354430379605,1,SL,fx_cross
AUDCHF,2025-12-11 14:00:00+00:00,long,1,-1.0435665198237873,6,SL,fx_cross
AUDCHF,2025-12-15 02:00:00+00:00,long,1,-1.0170219473081326,11,SL,fx_cross
GBPCHF,2025-12-15 02:00:00+00:00,long,2,2.467608517110265,117,TP,fx_cross
GBPCHF,2026-01-21 10:00:00+00:00,long,2,-1.024373563218391,26,SL,fx_cross
SI,2026-02-02 03:00:00+00:00,long,2,2.495575678776291,1,TP,metals
