instrument,model,side,bias,entry_ts,exit_ts,entry,exit,r,pnl_pct,bars,reason,partial_tp1
NQ,S2,long,RISK_ON,2013-05-14 00:00:00+00:00,2013-06-05 00:00:00+00:00,2996.0,2945.2410714285716,-1.0,-0.005,19,SL,False
ES,S2,long,RISK_ON,2013-05-14 00:00:00+00:00,2013-06-05 00:00:00+00:00,1647.25,1613.5,-1.0,-0.005,19,SL,False
YM,S2,long,RISK_ON,2013-05-14 00:00:00+00:00,2013-06-05 00:00:00+00:00,15176.0,14941.964285714286,-1.0,-0.005,19,SL,False
NQ,S3,long,RISK_ON,2013-06-09 00:00:00+00:00,2013-06-12 00:00:00+00:00,2987.5,2922.464285714286,-1.0,-0.005,3,SL,False
YM,S3,long,RISK_ON,2013-06-09 00:00:00+00:00,2013-06-12 00:00:00+00:00,15226.0,14914.82142857143,-1.0,-0.005,3,SL,False
NQ,S3,long,RISK_ON,2013-07-18 00:00:00+00:00,2013-07-23 00:00:00+00:00,3045.5,3029.0089285714284,-1.0,-0.005,4,SL,False
NQ,S3,long,RISK_ON,2013-07-23 00:00:00+00:00,2013-08-15 00:00:00+00:00,3038.25,3071.5,1.4144203374972641,0.007072101687486321,20,EMA_TRAIL,True
ES,S3,long,RISK_ON,2013-07-24 00:00:00+00:00,2013-07-26 00:00:00+00:00,1683.0,1671.4732142857142,-1.0,-0.005,2,SL,False
YM,S3,long,RISK_ON,2013-08-05 00:00:00+00:00,2013-08-06 00:00:00+00:00,15526.0,15474.17857142857,-1.0,-0.005,1,SL,False
ES,S3,long,RISK_ON,2013-08-06 00:00:00+00:00,2013-08-07 00:00:00+00:00,1691.25,1683.1160714285713,-1.0,-0.005,1,SL,False
ES,S3,long,RISK_ON,2013-08-09 00:00:00+00:00,2013-08-12 00:00:00+00:00,1686.25,1676.75,-1.0,-0.005,2,SL,False
ES,S3,long,RISK_ON,2013-08-12 00:00:00+00:00,2013-08-15 00:00:00+00:00,1688.0,1670.1160714285713,-1.0,-0.005,3,SL,False
NQ,S2,long,RISK_ON,2013-09-04 00:00:00+00:00,2013-10-09 00:00:00+00:00,3130.5,3140.5,0.1378631216149681,0.0006893156080748406,30,SMA50_BREAK,False
ES,S3,long,RISK_ON,2013-09-23 00:00:00+00:00,2013-09-27 00:00:00+00:00,1691.25,1682.017857142857,-1.0,-0.005,4,SL,False
ES,S3,long,RISK_ON,2013-10-01 00:00:00+00:00,2013-10-03 00:00:00+00:00,1688.75,1670.0,-0.6325301204819284,-0.003162650602409642,2,SMA50_BREAK,False
NQ,S3,long,RISK_ON,2013-10-13 00:00:00+00:00,2013-11-07 00:00:00+00:00,3211.0,3324.5,2.238073874682212,0.01119036937341106,22,EMA_TRAIL,True
YM,S3,long,RISK_ON,2013-10-30 00:00:00+00:00,2013-11-08 00:00:00+00:00,15496.0,15496.0,0.5709698137443822,0.002854849068721911,8,STOP_AFTER_TP1,True
ES,S3,long,RISK_ON,2013-10-30 00:00:00+00:00,2013-11-07 00:00:00+00:00,1753.5,1753.5,0.5556676757484064,0.002778338378742032,7,STOP_AFTER_TP1,True
ES,S3,long,RISK_ON,2013-11-07 00:00:00+00:00,2013-12-05 00:00:00+00:00,1748.5,1786.0,2.540245566166427,0.012701227830832136,24,EMA_TRAIL,True
NQ,S3,long,RISK_ON,2013-11-11 00:00:00+00:00,2013-11-20 00:00:00+00:00,3354.75,3364.5,0.9087359687652441,0.004543679843826221,8,EMA_TRAIL,True
YM,S3,long,RISK_ON,2013-11-12 00:00:00+00:00,2013-12-03 00:00:00+00:00,15692.0,15903.0,1.768677091089615,0.008843385455448076,18,EMA_TRAIL,True
NQ,S3,long,RISK_ON,2013-12-03 00:00:00+00:00,2013-12-04 00:00:00+00:00,3479.25,3453.4553571428573,-1.0,-0.005,1,SL,False
YM,S3,long,RISK_ON,2013-12-09 00:00:00+00:00,2013-12-11 00:00:00+00:00,16038.0,15955.392857142857,-1.0,-0.005,2,SL,False
NQ,S3,long,RISK_ON,2013-12-11 00:00:00+00:00,2013-12-13 00:00:00+00:00,3467.75,3452.4196428571427,-1.0,-0.005,2,SL,False
NQ,S3,long,RISK_ON,2013-12-16 00:00:00+00:00,2013-12-18 00:00:00+00:00,3468.75,3421.1964285714284,-1.0,-0.005,2,SL,False
NQ,S3,long,RISK_ON,2013-12-30 00:00:00+00:00,2014-01-02 00:00:00+00:00,3566.25,3566.25,0.29081133919843827,0.0014540566959921914,2,STOP_AFTER_TP1,True
NQ,S3,long,RISK_ON,2014-01-02 00:00:00+00:00,2014-01-03 00:00:00+00:00,3559.5,3533.625,-1.0,-0.005,1,SL,False
ES,S3,long,RISK_ON,2014-01-07 00:00:00+00:00,2014-01-13 00:00:00+00:00,1831.25,1812.294642857143,-1.0,-0.005,5,SL,False
NQ,S3,long,RISK_ON,2014-01-07 00:00:00+00:00,2014-01-13 00:00:00+00:00,3549.75,3493.6428571428573,-1.0,-0.005,5,SL,False
YM,S3,long,RISK_ON,2014-01-08 00:00:00+00:00,2014-01-13 00:00:00+00:00,16413.0,16311.785714285714,-1.0,-0.005,4,SL,False
YM,S3,long,RISK_ON,2014-01-16 00:00:00+00:00,2014-01-23 00:00:00+00:00,16335.0,16228.035714285714,-1.0,-0.005,6,SL,False
ES,S3,long,RISK_ON,2014-01-17 00:00:00+00:00,2014-01-23 00:00:00+00:00,1834.5,1821.9910714285713,-1.0,-0.005,5,SL,False
NQ,S3,long,RISK_ON,2014-01-17 00:00:00+00:00,2014-01-23 00:00:00+00:00,3585.5,3585.5,0.2763984445109189,0.0013819922225545944,5,STOP_AFTER_TP1,True
YM,S3,long,RISK_ON,2014-03-02 00:00:00+00:00,2014-03-03 00:00:00+00:00,16217.0,16071.607142857143,-1.0,-0.005,1,SL,False
ES,S3,long,RISK_ON,2014-03-02 00:00:00+00:00,2014-03-13 00:00:00+00:00,1845.0,1845.0,0.42179015589420454,0.002108950779471023,10,STOP_AFTER_TP1,True
NQ,S3,long,RISK_ON,2014-03-02 00:00:00+00:00,2014-03-12 00:00:00+00:00,3670.25,3670.25,0.5013278505953891,0.0025066392529769456,9,STOP_AFTER_TP1,True
YM,S3,long,RISK_ON,2014-03-03 00:00:00+00:00,2014-03-13 00:00:00+00:00,16167.0,16167.0,0.40748057421309214,0.002037402871065461,9,STOP_AFTER_TP1,True
YM,S5,long,RISK_ON,2014-03-16 00:00:00+00:00,2014-03-24 00:00:00+00:00,16048.0,16208.0,3.1062801932367154,0.015531400966183578,7,EMA_TRAIL,True
NQ,S3,long,RISK_ON,2014-03-20 00:00:00+00:00,2014-03-24 00:00:00+00:00,3688.75,3631.1964285714284,-1.0,-0.005,3,SL,False
ES,S3,long,RISK_ON,2014-03-21 00:00:00+00:00,2014-03-27 00:00:00+00:00,1859.5,1835.5357142857142,-1.0,-0.005,5,SL,False
ES,S3,long,RISK_ON,2014-05-14 00:00:00+00:00,2014-05-15 00:00:00+00:00,1886.75,1875.3839285714287,-1.0,-0.005,1,SL,False
YM,S3,long,RISK_ON,2014-05-14 00:00:00+00:00,2014-05-15 00:00:00+00:00,16595.0,16503.5,-1.0,-0.005,1,SL,False
ES,S3,long,RISK_ON,2014-05-16 00:00:00+00:00,2014-07-17 00:00:00+00:00,1876.0,1952.0,2.3663881825886945,0.011831940912943473,53,EMA_TRAIL,True
YM,S3,long,RISK_ON,2014-05-19 00:00:00+00:00,2014-05-20 00:00:00+00:00,16486.0,16330.357142857143,-1.0,-0.005,1,SL,False
YM,S2,long,RISK_ON,2014-06-05 00:00:00+00:00,2014-07-29 00:00:00+00:00,16832.0,16867.0,0.16649677200135873,0.0008324838600067937,46,SMA50_BREAK,False
NQ,S3,long,RISK_ON,2014-06-12 00:00:00+00:00,2014-07-17 00:00:00+00:00,3771.75,3876.0,2.439906860111066,0.01219953430055533,30,EMA_TRAIL,True
NQ,S2,long,RISK_ON,2014-07-23 00:00:00+00:00,2014-07-31 00:00:00+00:00,3981.25,3890.4464285714284,-1.0,-0.005,7,SL,False
ES,S3,long,RISK_ON,2014-07-25 00:00:00+00:00,2014-07-28 00:00:00+00:00,1972.0,1961.2589285714287,-1.0,-0.005,2,SL,False
NQ,S3,long,RISK_ON,2014-09-03 00:00:00+00:00,2014-09-05 00:00:00+00:00,4074.75,4074.75,0.31270529496780886,0.0015635264748390444,2,STOP_AFTER_TP1,True
ES,S3,long,RISK_ON,2014-09-04 00:00:00+00:00,2014-09-09 00:00:00+00:00,1996.5,1985.267857142857,-1.0,-0.005,4,SL,False
YM,S3,long,RISK_ON,2014-09-04 00:00:00+00:00,2014-09-10 00:00:00+00:00,17066.0,16970.928571428572,-1.0,-0.005,5,SL,False
NQ,S3,long,RISK_ON,2014-09-08 00:00:00+00:00,2014-09-09 00:00:00+00:00,4089.5,4063.839285714286,-1.0,-0.005,1,SL,False
NQ,S3,long,RISK_ON,2014-09-09 00:00:00+00:00,2014-09-15 00:00:00+00:00,4062.5,4040.4196428571427,-1.0,-0.005,5,SL,False
YM,S3,long,RISK_ON,2014-09-10 00:00:00+00:00,2014-09-16 00:00:00+00:00,17049.0,16922.14285714286,-1.0,-0.005,5,SL,False
ES,S3,long,RISK_ON,2014-09-10 00:00:00+00:00,2014-09-14 00:00:00+00:00,1993.75,1975.5982142857142,-1.0,-0.005,3,SL,False
NQ,S3,long,RISK_ON,2014-09-21 00:00:00+00:00,2014-09-22 00:00:00+00:00,4081.75,4056.848214285714,-1.0,-0.005,1,SL,False
ES,S3,long,RISK_ON,2014-09-21 00:00:00+00:00,2014-09-22 00:00:00+00:00,1998.5,1988.455357142857,-1.0,-0.005,1,SL,False
YM,S3,long,RISK_ON,2014-09-22 00:00:00+00:00,2014-09-23 00:00:00+00:00,17104.0,17022.25,-1.0,-0.005,1,SL,False
ES,S3,long,RISK_ON,2014-11-16 00:00:00+00:00,2014-12-08 00:00:00+00:00,2028.0,2055.75,2.550335570469799,0.012751677852348995,19,EMA_TRAIL,True
YM,S3,long,RISK_ON,2014-11-16 00:00:00+00:00,2014-12-10 00:00:00+00:00,17523.0,17523.0,0.7215686274509803,0.0036078431372549014,21,STOP_AFTER_TP1,True
NQ,S3,long,RISK_ON,2014-12-01 00:00:00+00:00,2014-12-09 00:00:00+00:00,4288.75,4256.669642857143,-1.0,-0.005,7,SL,False
YM,S2,long,RISK_ON,2015-02-20 00:00:00+00:00,2015-03-06 00:00:00+00:00,18113.0,17816.75,-1.0,-0.005,12,SL,False
ES,S3,long,RISK_ON,2015-02-27 00:00:00+00:00,2015-03-04 00:00:00+00:00,2106.0,2094.3660714285716,-1.0,-0.005,4,SL,False
NQ,S3,long,RISK_ON,2015-03-04 00:00:00+00:00,2015-03-06 00:00:00+00:00,4444.75,4404.741071428572,-1.0,-0.005,2,SL,False
ES,S3,long,RISK_ON,2015-03-04 00:00:00+00:00,2015-03-06 00:00:00+00:00,2097.5,2078.8125,-1.0,-0.005,2,SL,False
NQ,S3,long,RISK_ON,2015-03-06 00:00:00+00:00,2015-03-10 00:00:00+00:00,4408.5,4372.580357142857,-1.0,-0.005,3,SL,False
ES,S3,long,RISK_ON,2015-04-27 00:00:00+00:00,2015-04-28 00:00:00+00:00,2103.0,2092.0,-1.0,-0.005,1,SL,False
YM,S3,long,RISK_ON,2015-04-27 00:00:00+00:00,2015-04-28 00:00:00+00:00,17979.0,17868.428571428572,-1.0,-0.005,1,SL,False
NQ,S3,long,RISK_ON,2015-04-29 00:00:00+00:00,2015-04-30 00:00:00+00:00,4471.0,4432.473214285715,-1.0,-0.005,1,SL,False
ES,S3,long,RISK_ON,2015-04-29 00:00:00+00:00,2015-04-30 00:00:00+00:00,2099.0,2079.0446428571427,-1.0,-0.005,1,SL,False
NQ,S3,long,RISK_ON,2015-05-03 00:00:00+00:00,2015-05-06 00:00:00+00:00,4463.0,4384.517857142857,-1.0,-0.005,3,SL,False
YM,S3,long,RISK_ON,2015-05-03 00:00:00+00:00,2015-05-06 00:00:00+00:00,17925.0,17694.75,-1.0,-0.005,3,SL,False
ES,S3,long,RISK_ON,2015-05-11 00:00:00+00:00,2015-05-12 00:00:00+00:00,2098.5,2085.660714285714,-1.0,-0.005,1,SL,False
YM,S3,long,RISK_ON,2015-05-20 00:00:00+00:00,2015-05-26 00:00:00+00:00,18222.0,18117.5,-1.0,-0.005,5,SL,False
ES,S3,long,RISK_ON,2015-05-20 00:00:00+00:00,2015-05-26 00:00:00+00:00,2118.0,2105.348214285714,-1.0,-0.005,5,SL,False
YM,S3,long,RISK_ON,2015-05-27 00:00:00+00:00,2015-06-02 00:00:00+00:00,18139.0,18009.0,-0.5510976532929562,-0.002755488266464781,5,SMA50_BREAK,False
NQ,S3,long,RISK_ON,2015-06-02 00:00:00+00:00,2015-06-05 00:00:00+00:00,4504.5,4460.616071428572,-1.0,-0.005,3,SL,False
NQ,S5,long,DEFENSIVE,2015-06-28 00:00:00+00:00,2015-06-29 00:00:00+00:00,4422.0,4400.0,-0.5,-0.0025,1,SL,False
NQ,S3,long,RISK_ON,2015-07-31 00:00:00+00:00,2015-08-06 00:00:00+00:00,4584.75,4505.428571428572,-1.0,-0.005,5,SL,False
NQ,S3,long,RISK_ON,2015-08-10 00:00:00+00:00,2015-08-11 00:00:00+00:00,4578.0,4487.946428571428,-1.0,-0.005,1,SL,False
YM,S5,long,DEFENSIVE,2015-08-24 00:00:00+00:00,2015-08-25 00:00:00+00:00,16015.0,15728.0,-0.19657534246575342,-0.000982876712328767,1,SMA50_BREAK,False
ES,S3,long,RISK_ON,2015-10-21 00:00:00+00:00,2015-11-12 00:00:00+00:00,2015.0,2043.5,1.4093477144324524,0.007046738572162262,19,EMA_TRAIL,True
NQ,S3,long,RISK_ON,2015-10-21 00:00:00+00:00,2015-11-12 00:00:00+00:00,4414.0,4586.0,2.9325735992402664,0.014662867996201333,19,EMA_TRAIL,True
YM,S2,long,RISK_ON,2015-10-22 00:00:00+00:00,2015-12-09 00:00:00+00:00,17448.0,17504.0,0.11102456985059797,0.0005551228492529899,41,SMA50_BREAK,False
ES,S3,long,RISK_ON,2015-11-23 00:00:00+00:00,2015-11-24 00:00:00+00:00,2083.75,2066.598214285714,-1.0,-0.005,1,SL,False
NQ,S3,long,RISK_ON,2015-11-23 00:00:00+00:00,2015-11-24 00:00:00+00:00,4673.25,4625.0625,-1.0,-0.005,1,SL,False
ES,S3,long,RISK_ON,2015-11-24 00:00:00+00:00,2015-12-03 00:00:00+00:00,2084.0,2053.1696428571427,-1.0,-0.005,8,SL,False
NQ,S3,long,RISK_ON,2015-11-24 00:00:00+00:00,2015-12-03 00:00:00+00:00,4663.5,4663.5,0.2988200233579009,0.0014941001167895047,8,STOP_AFTER_TP1,True
NQ,S3,long,RISK_ON,2015-12-07 00:00:00+00:00,2015-12-08 00:00:00+00:00,4680.25,4644.75,-1.0,-0.005,1,SL,False
NQ,S3,long,RISK_ON,2016-03-07 00:00:00+00:00,2016-03-10 00:00:00+00:00,4275.5,4234.196428571428,-1.0,-0.005,3,SL,False
ES,S3,long,RISK_ON,2016-03-08 00:00:00+00:00,2016-04-11 00:00:00+00:00,1982.25,2035.75,2.2731737262124043,0.011365868631062022,28,EMA_TRAIL,True
NQ,S3,long,RISK_ON,2016-03-23 00:00:00+00:00,2016-04-22 00:00:00+00:00,4392.25,4466.75,1.9067840497151591,0.009533920248575797,25,EMA_TRAIL,True
YM,S3,long,RISK_ON,2016-03-23 00:00:00+00:00,2016-03-24 00:00:00+00:00,17419.0,17305.214285714286,-1.0,-0.005,1,SL,False
YM,S2,long,RISK_ON,2016-03-29 00:00:00+00:00,2016-05-05 00:00:00+00:00,17572.0,17554.0,-0.05213074058750525,-0.00026065370293752623,32,SMA50_BREAK,False
ES,S3,long,RISK_ON,2016-04-17 00:00:00+00:00,2016-04-28 00:00:00+00:00,2063.25,2069.25,0.8139147009768798,0.004069573504884399,10,EMA_TRAIL,True
NQ,S3,long,RISK_ON,2016-06-07 00:00:00+00:00,2016-06-10 00:00:00+00:00,4506.25,4486.410714285715,-1.0,-0.005,3,SL,False
YM,S3,long,RISK_ON,2016-06-10 00:00:00+00:00,2016-06-13 00:00:00+00:00,17865.0,17746.821428571428,-1.0,-0.005,2,SL,False
ES,S3,long,RISK_ON,2016-06-10 00:00:00+00:00,2016-06-13 00:00:00+00:00,2096.5,2081.8125,-1.0,-0.005,2,SL,False
NQ,S2,long,RISK_ON,2016-07-20 00:00:00+00:00,2016-09-09 00:00:00+00:00,4657.0,4668.5,0.11253822629969419,0.000562691131498471,44,SMA50_BREAK,False
YM,S3,long,RISK_ON,2016-07-25 00:00:00+00:00,2016-07-26 00:00:00+00:00,18414.0,18322.60714285714,-1.0,-0.005,1,SL,False
ES,S3,long,RISK_ON,2016-07-25 00:00:00+00:00,2016-08-01 00:00:00+00:00,2161.75,2161.75,0.2748858447488598,0.001374429223744299,6,STOP_AFTER_TP1,True
YM,S3,long,RISK_ON,2016-07-27 00:00:00+00:00,2016-08-02 00:00:00+00:00,18414.0,18253.0,-1.0,-0.005,5,SL,False
NKD,S3,long,RISK_ON,2016-07-28 00:00:00+00:00,2016-07-29 00:00:00+00:00,16460.0,16223.75,-1.0,-0.005,1,SL,False
NKD,S3,long,RISK_ON,2016-08-01 00:00:00+00:00,2016-08-02 00:00:00+00:00,16540.0,16184.82142857143,-1.0,-0.005,1,SL,False
DAX,S3,long,RISK_ON,2016-08-02 00:00:00+00:00,2016-09-09 00:00:00+00:00,10145.0,10466.0,3.0767137268242823,0.015383568634121412,28,EMA_TRAIL,True
ES,S3,long,RISK_ON,2016-08-02 00:00:00+00:00,2016-08-24 00:00:00+00:00,2152.75,2173.25,1.2007797270955252,0.006003898635477626,19,EMA_TRAIL,True
YM,S3,long,RISK_ON,2016-08-09 00:00:00+00:00,2016-08-17 00:00:00+00:00,18453.0,18453.0,0.49261702796104645,0.0024630851398052323,7,STOP_AFTER_TP1,True
NKD,S3,long,RISK_ON,2016-08-10 00:00:00+00:00,2016-08-19 00:00:00+00:00,16710.0,16437.85714285714,-1.0,-0.005,8,SL,False
YM,S3,long,RISK_ON,2016-08-21 00:00:00+00:00,2016-08-25 00:00:00+00:00,18525.0,18425.821428571428,-1.0,-0.005,4,SL,False
ES,S3,long,RISK_ON,2016-08-30 00:00:00+00:00,2016-09-01 00:00:00+00:00,2175.25,2158.5,-1.0,-0.005,2,SL,False
NQ,S2,long,RISK_ON,2016-09-21 00:00:00+00:00,2016-10-12 00:00:00+00:00,4847.25,4800.25,-0.4973544973544973,-0.002486772486772487,18,SMA50_BREAK,False
DAX,S2,long,RISK_ON,2016-09-22 00:00:00+00:00,2016-09-26 00:00:00+00:00,10674.5,10379.0,-0.6749327025042814,-0.0033746635125214072,2,SMA50_BREAK,False
NKD,S2,long,RISK_ON,2016-10-10 00:00:00+00:00,2016-11-08 00:00:00+00:00,17090.0,16658.571428571428,-1.0,-0.005,25,SL,False
DAX,S3,long,RISK_ON,2016-10-26 00:00:00+00:00,2016-11-01 00:00:00+00:00,10695.5,10557.035714285714,-1.0,-0.005,4,SL,False
ES,S3,long,RISK_ON,2016-11-28 00:00:00+00:00,2016-12-01 00:00:00+00:00,2201.5,2201.5,0.34693260803868464,0.0017346630401934232,3,STOP_AFTER_TP1,True
NKD,S2,long,RISK_ON,2016-11-30 00:00:00+00:00,2017-01-17 00:00:00+00:00,18750.0,18805.0,0.08680947012401367,0.00043404735062006837,39,SMA50_BREAK,False
ES,S3,long,RISK_ON,2016-12-14 00:00:00+00:00,2016-12-30 00:00:00+00:00,2253.25,2233.6339285714284,-1.0,-0.005,13,SL,False
NQ,S2,long,RISK_ON,2016-12-27 00:00:00+00:00,2016-12-30 00:00:00+00:00,4969.25,4898.089285714285,-1.0,-0.005,3,SL,False
YM,S3,long,RISK_ON,2016-12-28 00:00:00+00:00,2016-12-30 00:00:00+00:00,19786.0,19716.39285714286,-1.0,-0.005,2,SL,False
YM,S3,long,RISK_ON,2016-12-30 00:00:00+00:00,2017-01-19 00:00:00+00:00,19705.0,19613.714285714286,-1.0,-0.005,16,SL,False
DAX,S2,long,RISK_ON,2017-01-02 00:00:00+00:00,2017-04-19 00:00:00+00:00,11591.0,11997.5,1.7450364124185453,0.008725182062092727,75,SMA50_BREAK,False
NQ,S3,long,RISK_ON,2017-01-03 00:00:00+00:00,2017-03-21 00:00:00+00:00,4913.25,5324.5,5.3380485452499356,0.026690242726249678,66,EMA_TRAIL,True
ES,S3,long,RISK_ON,2017-01-03 00:00:00+00:00,2017-01-11 00:00:00+00:00,2255.25,2255.25,0.271251193887297,0.001356255969436485,7,STOP_AFTER_TP1,True
ES,S3,long,RISK_ON,2017-01-16 00:00:00+00:00,2017-01-17 00:00:00+00:00,2267.75,2258.3571428571427,-1.0,-0.005,1,SL,False
ES,S3,long,RISK_ON,2017-01-17 00:00:00+00:00,2017-01-30 00:00:00+00:00,2265.5,2265.5,0.26666666666666666,0.0013333333333333333,11,STOP_AFTER_TP1,True
ES,S3,long,RISK_ON,2017-01-31 00:00:00+00:00,2017-03-21 00:00:00+00:00,2276.5,2335.75,2.2527363184079605,0.011263681592039802,42,SMA50_BREAK,True
NKD,S3,long,RISK_ON,2017-03-03 00:00:00+00:00,2017-03-06 00:00:00+00:00,19500.0,19296.428571428572,-1.0,-0.005,2,SL,False
YM,S3,long,RISK_ON,2017-03-05 00:00:00+00:00,2017-03-08 00:00:00+00:00,20927.0,20837.321428571428,-1.0,-0.005,3,SL,False
YM,S3,long,RISK_ON,2017-03-08 00:00:00+00:00,2017-03-14 00:00:00+00:00,20859.0,20776.964285714286,-1.0,-0.005,5,SL,False
YM,S3,long,RISK_ON,2017-03-14 00:00:00+00:00,2017-03-21 00:00:00+00:00,20820.0,20682.39285714286,-1.0,-0.005,6,SL,False
NQ,S3,long,RISK_ON,2017-03-24 00:00:00+00:00,2017-03-27 00:00:00+00:00,5373.75,5326.964285714285,-1.0,-0.005,2,SL,False
NQ,S3,long,RISK_ON,2017-04-05 00:00:00+00:00,2017-04-11 00:00:00+00:00,5406.25,5375.830357142857,-1.0,-0.005,5,SL,False
DAX,S2,long,RISK_ON,2017-05-05 00:00:00+00:00,2017-06-27 00:00:00+00:00,12836.0,12592.0,-0.5163045531834493,-0.0025815227659172464,36,SMA50_BREAK,False
ES,S3,long,RISK_ON,2017-05-09 00:00:00+00:00,2017-05-11 00:00:00+00:00,2390.0,2381.6785714285716,-1.0,-0.005,2,SL,False
YM,S3,long,RISK_ON,2017-05-10 00:00:00+00:00,2017-05-11 00:00:00+00:00,20891.0,20786.785714285714,-1.0,-0.005,1,SL,False
ES,S3,long,RISK_ON,2017-05-11 00:00:00+00:00,2017-05-16 00:00:00+00:00,2388.75,2383.5,0.0972785176606844,0.000486392588303422,4,EMA_TRAIL,True
YM,S3,long,RISK_ON,2017-05-11 00:00:00+00:00,2017-05-17 00:00:00+00:00,20846.0,20710.0,-1.0,-0.005,5,SL,False
NKD,S3,long,RISK_ON,2017-05-14 00:00:00+00:00,2017-05-17 00:00:00+00:00,19865.0,19685.535714285714,-1.0,-0.005,3,SL,False
NQ,S3,long,RISK_ON,2017-05-18 00:00:00+00:00,2017-06-09 00:00:00+00:00,5624.75,5737.25,1.6728232189973613,0.008364116094986806,19,EMA_TRAIL,True
NKD,S3,long,RISK_ON,2017-05-21 00:00:00+00:00,2017-06-14 00:00:00+00:00,19670.0,19810.0,0.8679065331425793,0.004339532665712896,21,EMA_TRAIL,True
YM,S3,long,RISK_ON,2017-05-21 00:00:00+00:00,2017-06-29 00:00:00+00:00,20803.0,21278.0,1.5645706558485464,0.007822853279242733,34,EMA_TRAIL,True
ES,S2,long,RISK_ON,2017-06-01 00:00:00+00:00,2017-07-06 00:00:00+00:00,2434.75,2410.5,-0.612263300270517,-0.003061316501352585,30,SMA50_BREAK,False
NQ,S5,long,RISK_ON,2017-06-12 00:00:00+00:00,2017-06-27 00:00:00+00:00,5727.0,5665.25,-0.6675675675675675,-0.0033378378378378375,13,SMA50_BREAK,False
NKD,S3,long,RISK_ON,2017-06-16 00:00:00+00:00,2017-06-25 00:00:00+00:00,19985.0,19985.0,0.26898676817110617,0.0013449338408555308,7,STOP_AFTER_TP1,True
NKD,S3,long,RISK_ON,2017-07-12 00:00:00+00:00,2017-07-17 00:00:00+00:00,20150.0,19972.321428571428,-1.0,-0.005,4,SL,False
YM,S3,long,RISK_ON,2017-07-21 00:00:00+00:00,2017-08-17 00:00:00+00:00,21522.0,21750.0,1.4738222347101428,0.007369111173550714,23,EMA_TRAIL,True
NQ,S3,long,RISK_ON,2017-07-27 00:00:00+00:00,2017-08-10 00:00:00+00:00,5875.75,5818.303571428572,-1.0,-0.005,12,SL,False
ES,S3,long,RISK_ON,2017-07-30 00:00:00+00:00,2017-08-08 00:00:00+00:00,2469.0,2464.25,0.051708217913203236,0.00025854108956601616,8,EMA_TRAIL,True
ES,S3,long,RISK_ON,2017-08-09 00:00:00+00:00,2017-08-10 00:00:00+00:00,2471.5,2453.214285714286,-1.0,-0.005,1,SL,False
ES,S3,long,RISK_ON,2017-08-15 00:00:00+00:00,2017-08-17 00:00:00+00:00,2463.5,2439.9464285714284,-1.0,-0.005,2,SL,False
NQ,S3,long,RISK_ON,2017-08-15 00:00:00+00:00,2017-08-17 00:00:00+00:00,5909.0,5830.830357142857,-1.0,-0.005,2,SL,False
NQ,S3,long,RISK_ON,2017-09-14 00:00:00+00:00,2017-09-21 00:00:00+00:00,5963.25,5922.035714285715,-1.0,-0.005,6,SL,False
NKD,S2,long,RISK_ON,2017-09-20 00:00:00+00:00,2017-11-14 00:00:00+00:00,20360.0,22205.0,2.326587429060921,0.011632937145304605,47,EMA_TRAIL,True
ES,S3,long,RISK_ON,2017-09-21 00:00:00+00:00,2017-09-25 00:00:00+00:00,2494.5,2487.223214285714,-1.0,-0.005,3,SL,False
YM,S3,long,RISK_ON,2017-09-27 00:00:00+00:00,2017-11-14 00:00:00+00:00,22285.0,23322.0,5.079121095674495,0.025395605478372475,41,EMA_TRAIL,True
NQ,S2,long,RISK_ON,2017-10-05 00:00:00+00:00,2017-11-29 00:00:00+00:00,6066.25,6307.25,1.8825061171347155,0.009412530585673578,47,EMA_TRAIL,True
RTY,S3,long,RISK_ON,2017-10-11 00:00:00+00:00,2017-10-17 00:00:00+00:00,1507.3999999999999,1499.45,-1.0,-0.005,5,SL,False
RTY,S3,long,RISK_ON,2017-10-17 00:00:00+00:00,2017-10-25 00:00:00+00:00,1501.3999999999999,1490.575,-1.0,-0.005,7,SL,False
ES,S2,long,RISK_ON,2017-10-19 00:00:00+00:00,2017-10-25 00:00:00+00:00,2570.25,2545.9375,-1.0,-0.005,5,SL,False
DAX,S3,long,RISK_ON,2017-10-20 00:00:00+00:00,2017-11-10 00:00:00+00:00,12983.0,13125.0,2.043816112698647,0.010219080563493235,14,EMA_TRAIL,True
RTY,S3,long,RISK_ON,2017-10-26 00:00:00+00:00,2017-11-07 00:00:00+00:00,1499.3,1476.4678571428572,-1.0,-0.005,10,SL,False
ES,S3,long,RISK_ON,2017-10-30 00:00:00+00:00,2017-11-02 00:00:00+00:00,2570.0,2570.0,0.35112277631961997,0.0017556138815981,3,STOP_AFTER_TP1,True
DAX,S5,long,RISK_ON,2017-11-13 00:00:00+00:00,2017-11-15 00:00:00+00:00,13106.0,12957.5,-1.0,-0.005,2,SL,False
NKD,S3,long,RISK_ON,2017-11-16 00:00:00+00:00,2018-01-25 00:00:00+00:00,22410.0,23620.0,1.5033411033411055,0.007516705516705528,58,EMA_TRAIL,True
ES,S3,long,RISK_ON,2017-11-17 00:00:00+00:00,2017-12-29 00:00:00+00:00,2576.5,2668.25,4.108501729473892,0.02054250864736946,35,EMA_TRAIL,True
YM,S3,long,RISK_ON,2017-11-26 00:00:00+00:00,2018-02-02 00:00:00+00:00,23485.0,25443.0,12.834471544715358,0.0641723577235768,57,EMA_TRAIL,True
RTY,S2,long,RISK_ON,2017-11-28 00:00:00+00:00,2017-12-01 00:00:00+00:00,1535.0,1503.9357142857143,-1.0,-0.005,3,SL,False
NQ,S3,long,RISK_ON,2017-11-30 00:00:00+00:00,2017-12-01 00:00:00+00:00,6349.5,6257.616071428572,-1.0,-0.005,1,SL,False
RTY,S3,long,RISK_ON,2017-12-07 00:00:00+00:00,2018-01-30 00:00:00+00:00,1521.7,1589.7,2.371672912462761,0.011858364562313806,44,EMA_TRAIL,True
NQ,S3,long,RISK_ON,2017-12-08 00:00:00+00:00,2017-12-29 00:00:00+00:00,6344.5,6385.0,0.6106348737149793,0.0030531743685748964,17,EMA_TRAIL,True
ES,S3,long,RISK_ON,2018-01-01 00:00:00+00:00,2018-02-02 00:00:00+00:00,2678.0,2757.25,4.095783446121796,0.020478917230608983,28,EMA_TRAIL,True
DAX,S3,long,RISK_ON,2018-01-29 00:00:00+00:00,2018-01-30 00:00:00+00:00,13302.5,13184.535714285714,-1.0,-0.005,1,SL,False
NQ,S3,long,RISK_ON,2018-01-30 00:00:00+00:00,2018-02-02 00:00:00+00:00,6958.25,6867.660714285715,-1.0,-0.005,3,SL,False
NQ,S3,long,RISK_ON,2018-03-06 00:00:00+00:00,2018-03-19 00:00:00+00:00,6845.25,6845.25,0.3321561169971933,0.0016607805849859665,11,STOP_AFTER_TP1,True
RTY,S3,long,RISK_ON,2018-03-14 00:00:00+00:00,2018-03-19 00:00:00+00:00,1585.0,1569.4464285714287,-1.0,-0.005,4,SL,False
ES,S3,long,RISK_ON,2018-03-18 00:00:00+00:00,2018-03-19 00:00:00+00:00,2749.5,2729.1339285714284,-1.0,-0.005,1,SL,False
RTY,S3,long,RISK_ON,2018-03-19 00:00:00+00:00,2018-03-22 00:00:00+00:00,1577.6,1544.4464285714284,-1.0,-0.005,3,SL,False
NKD,S3,long,RISK_ON,2018-05-08 00:00:00+00:00,2018-05-23 00:00:00+00:00,22435.0,22435.0,0.44540853217642384,0.0022270426608821193,13,STOP_AFTER_TP1,True
NQ,S3,long,RISK_ON,2018-05-17 00:00:00+00:00,2018-05-23 00:00:00+00:00,6925.5,6833.258928571428,-1.0,-0.005,5,SL,False
ES,S3,long,RISK_ON,2018-05-18 00:00:00+00:00,2018-05-23 00:00:00+00:00,2713.0,2713.0,0.5600991325898389,0.0028004956629491947,4,STOP_AFTER_TP1,True
RTY,S3,long,RISK_ON,2018-05-22 00:00:00+00:00,2018-05-29 00:00:00+00:00,1623.1,1614.1535714285715,-1.0,-0.005,6,SL,False
YM,S3,long,RISK_ON,2018-05-22 00:00:00+00:00,2018-05-23 00:00:00+00:00,24781.0,24654.5,-1.0,-0.005,1,SL,False
DAX,S3,long,RISK_ON,2018-05-23 00:00:00+00:00,2018-05-24 00:00:00+00:00,13009.0,12863.660714285714,-1.0,-0.005,1,SL,False
YM,S3,long,RISK_ON,2018-05-23 00:00:00+00:00,2018-05-29 00:00:00+00:00,24764.0,24521.39285714286,-1.0,-0.005,5,SL,False
DAX,S3,long,RISK_ON,2018-05-24 00:00:00+00:00,2018-05-29 00:00:00+00:00,12892.5,12732.035714285714,-1.0,-0.005,3,SL,False
ES,S3,long,RISK_ON,2018-05-28 00:00:00+00:00,2018-05-29 00:00:00+00:00,2720.25,2707.0625,-1.0,-0.005,1,SL,False
NQ,S3,long,RISK_ON,2018-05-29 00:00:00+00:00,2018-06-25 00:00:00+00:00,6936.75,7059.75,1.259731660568049,0.0062986583028402455,23,EMA_TRAIL,True
YM,S3,long,RISK_ON,2018-06-03 00:00:00+00:00,2018-06-17 00:00:00+00:00,24688.0,24976.0,0.8210347752332485,0.004105173876166243,12,EMA_TRAIL,True
NKD,S2,long,RISK_ON,2018-06-06 00:00:00+00:00,2018-06-18 00:00:00+00:00,22815.0,22495.0,-0.481073825503355,-0.002405369127516775,10,SMA50_BREAK,False
ES,S3,long,RISK_ON,2018-06-17 00:00:00+00:00,2018-06-19 00:00:00+00:00,2771.0,2756.151785714286,-1.0,-0.005,2,SL,False
RTY,S3,long,RISK_ON,2018-06-17 00:00:00+00:00,2018-06-19 00:00:00+00:00,1680.6,1680.6,0.35237469905887664,0.0017618734952943832,2,STOP_AFTER_TP1,True
RTY,S3,long,RISK_ON,2018-06-21 00:00:00+00:00,2018-06-25 00:00:00+00:00,1698.2,1680.6607142857142,-1.0,-0.005,3,SL,False
NQ,S2,long,RISK_ON,2018-07-17 00:00:00+00:00,2018-07-27 00:00:00+00:00,7428.0,7267.910714285715,-1.0,-0.005,9,SL,False
RTY,S3,long,RISK_ON,2018-07-22 00:00:00+00:00,2018-07-24 00:00:00+00:00,1695.3,1686.3785714285714,-1.0,-0.005,2,SL,False
RTY,S3,long,RISK_ON,2018-07-25 00:00:00+00:00,2018-07-27 00:00:00+00:00,1690.0,1666.6,-1.0,-0.005,2,SL,False
ES,S3,long,RISK_ON,2018-07-27 00:00:00+00:00,2018-07-30 00:00:00+00:00,2818.0,2798.660714285714,-1.0,-0.005,2,SL,False
NKD,S3,long,RISK_ON,2018-07-29 00:00:00+00:00,2018-07-30 00:00:00+00:00,22615.0,22416.428571428572,-1.0,-0.005,1,SL,False
YM,S3,long,RISK_ON,2018-07-31 00:00:00+00:00,2018-08-02 00:00:00+00:00,25382.0,25167.678571428572,-1.0,-0.005,2,SL,False
ES,S3,long,RISK_ON,2018-07-31 00:00:00+00:00,2018-08-12 00:00:00+00:00,2815.25,2825.0,0.6523623753792789,0.0032618118768963944,10,EMA_TRAIL,True
NKD,S3,long,RISK_ON,2018-08-02 00:00:00+00:00,2018-08-10 00:00:00+00:00,22580.0,22274.821428571428,-1.0,-0.005,7,SL,False
YM,S3,long,RISK_ON,2018-08-02 00:00:00+00:00,2018-08-10 00:00:00+00:00,25305.0,25305.0,0.2784979883772919,0.0013924899418864595,7,STOP_AFTER_TP1,True
YM,S3,long,RISK_ON,2018-08-10 00:00:00+00:00,2018-08-15 00:00:00+00:00,25354.0,25126.0,-1.0,-0.005,4,SL,False
NQ,S3,long,RISK_ON,2018-08-10 00:00:00+00:00,2018-08-15 00:00:00+00:00,7433.0,7348.982142857143,-1.0,-0.005,4,SL,False
ES,S3,long,RISK_ON,2018-08-13 00:00:00+00:00,2018-08-15 00:00:00+00:00,2829.5,2810.8125,-1.0,-0.005,2,SL,False
NQ,S3,long,RISK_ON,2018-08-15 00:00:00+00:00,2018-09-05 00:00:00+00:00,7401.0,7531.75,1.0645247657295884,0.005322623828647942,18,EMA_TRAIL,True
ES,S3,long,RISK_ON,2018-08-15 00:00:00+00:00,2018-09-06 00:00:00+00:00,2830.25,2877.75,1.150439648281381,0.005752198241406905,19,EMA_TRAIL,True
YM,S3,long,RISK_ON,2018-08-23 00:00:00+00:00,2018-10-10 00:00:00+00:00,25689.0,25689.0,0.36390159803726646,0.0018195079901863324,41,STOP_AFTER_TP1,True
RTY,S3,long,RISK_ON,2018-09-10 00:00:00+00:00,2018-09-12 00:00:00+00:00,1722.2,1706.15,-1.0,-0.005,2,SL,False
ES,S3,long,RISK_ON,2018-09-10 00:00:00+00:00,2018-10-04 00:00:00+00:00,2884.75,2912.5,1.507856598016791,0.007539282990083955,21,EMA_TRAIL,True
NKD,S2,long,RISK_ON,2018-09-27 00:00:00+00:00,2018-10-08 00:00:00+00:00,24175.0,23493.571428571428,-1.0,-0.005,9,SL,False
NQ,S3,long,RISK_ON,2018-10-03 00:00:00+00:00,2018-10-04 00:00:00+00:00,7628.25,7584.508928571428,-1.0,-0.005,1,SL,False
RTY,S3,long,RISK_ON,2019-01-22 00:00:00+00:00,2019-03-06 00:00:00+00:00,1464.1,1535.5,2.3886524822695083,0.011943262411347542,37,EMA_TRAIL,True
NQ,S3,long,RISK_ON,2019-01-22 00:00:00+00:00,2019-03-07 00:00:00+00:00,6675.0,7025.0,2.509427025891506,0.012547135129457529,38,EMA_TRAIL,True
ES,S3,long,RISK_ON,2019-01-22 00:00:00+00:00,2019-03-06 00:00:00+00:00,2639.5,2768.25,2.5347413529231586,0.012673706764615794,37,EMA_TRAIL,True
NKD,S3,long,RISK_ON,2019-01-27 00:00:00+00:00,2019-01-28 00:00:00+00:00,20685.0,20497.5,-1.0,-0.005,1,SL,False
YM,S3,long,RISK_ON,2019-01-28 00:00:00+00:00,2019-03-06 00:00:00+00:00,24378.0,25634.0,4.227383863080676,0.02113691931540338,32,EMA_TRAIL,True
DAX,S3,long,RISK_ON,2019-01-29 00:00:00+00:00,2019-01-31 00:00:00+00:00,11203.5,11081.839285714286,-1.0,-0.005,2,SL,False
NKD,S3,long,RISK_ON,2019-02-06 00:00:00+00:00,2019-02-07 00:00:00+00:00,20735.0,20520.89285714286,-1.0,-0.005,1,SL,False
NKD,S5,long,RISK_ON,2019-02-08 00:00:00+00:00,2019-02-10 00:00:00+00:00,20350.0,20285.0,-0.3611111111111111,-0.0018055555555555555,1,SMA50_BREAK,False
DAX,S3,long,RISK_ON,2019-02-12 00:00:00+00:00,2019-03-22 00:00:00+00:00,11141.5,11324.5,0.681318242609336,0.00340659121304668,28,SMA50_BREAK,True
NKD,S3,long,RISK_ON,2019-02-14 00:00:00+00:00,2019-03-06 00:00:00+00:00,20870.0,21285.0,2.17161716171619,0.01085808580858095,17,EMA_TRAIL,True
RTY,S3,long,RISK_ON,2019-03-11 00:00:00+00:00,2019-03-22 00:00:00+00:00,1553.7,1510.3607142857143,-1.0,-0.005,10,SL,False
NKD,S3,long,RISK_ON,2019-03-13 00:00:00+00:00,2019-03-22 00:00:00+00:00,21280.0,20970.0,-0.7667844522968208,-0.003833922261484104,8,SMA50_BREAK,False
YM,S3,long,RISK_ON,2019-03-13 00:00:00+00:00,2019-03-24 00:00:00+00:00,25756.0,25475.0,-0.7039456025767182,-0.003519728012883591,9,SMA50_BREAK,False
NQ,S2,long,RISK_ON,2019-03-20 00:00:00+00:00,2019-03-27 00:00:00+00:00,7434.0,7280.75,-1.0,-0.005,6,SL,False
ES,S3,long,RISK_ON,2019-03-20 00:00:00+00:00,2019-03-22 00:00:00+00:00,2833.25,2833.25,0.2954686530105504,0.0014773432650527522,2,STOP_AFTER_TP1,True
ES,S3,long,RISK_ON,2019-03-22 00:00:00+00:00,2019-03-25 00:00:00+00:00,2808.25,2790.1339285714284,-1.0,-0.005,2,SL,False
ES,S3,long,RISK_ON,2019-03-25 00:00:00+00:00,2019-05-05 00:00:00+00:00,2813.0,2894.0,1.8762661679912798,0.0093813308399564,34,EMA_TRAIL,True
NQ,S3,long,RISK_ON,2019-03-27 00:00:00+00:00,2019-05-05 00:00:00+00:00,7298.5,7693.5,4.883446941008145,0.024417234705040727,32,EMA_TRAIL,True
DAX,S3,long,RISK_ON,2019-03-29 00:00:00+00:00,2019-05-07 00:00:00+00:00,11568.0,12073.0,1.7893425053586502,0.008946712526793252,24,EMA_TRAIL,True
NKD,S3,long,RISK_ON,2019-04-08 00:00:00+00:00,2019-04-09 00:00:00+00:00,21740.0,21588.39285714286,-1.0,-0.005,1,SL,False
YM,S3,long,RISK_ON,2019-04-08 00:00:00+00:00,2019-04-09 00:00:00+00:00,26282.0,26144.535714285714,-1.0,-0.005,1,SL,False
YM,S3,long,RISK_ON,2019-04-09 00:00:00+00:00,2019-05-01 00:00:00+00:00,26139.0,26399.0,2.145316804407722,0.01072658402203861,18,EMA_TRAIL,True
NKD,S3,long,RISK_ON,2019-04-09 00:00:00+00:00,2019-05-05 00:00:00+00:00,21660.0,22010.0,1.5606307775965127,0.0078031538879825635,21,EMA_TRAIL,True
RTY,S3,long,RISK_ON,2019-04-25 00:00:00+00:00,2019-05-01 00:00:00+00:00,1576.1,1576.1,0.3980625275209192,0.001990312637604596,5,STOP_AFTER_TP1,True
RTY,S3,long,RISK_ON,2019-05-05 00:00:00+00:00,2019-05-07 00:00:00+00:00,1586.3,1586.3,0.555473916238064,0.00277736958119032,2,STOP_AFTER_TP1,True
NQ,S3,long,RISK_ON,2019-05-06 00:00:00+00:00,2019-05-07 00:00:00+00:00,7754.75,7615.973214285715,-1.0,-0.005,1,SL,False
RTY,S3,long,RISK_ON,2019-05-07 00:00:00+00:00,2019-05-09 00:00:00+00:00,1591.2,1559.7,-1.0,-0.005,2,SL,False
DAX,S3,long,RISK_ON,2019-05-08 00:00:00+00:00,2019-05-09 00:00:00+00:00,12207.0,11964.75,-1.0,-0.005,1,SL,False
DAX,S3,long,RISK_ON,2019-05-10 00:00:00+00:00,2019-05-13 00:00:00+00:00,12191.5,11876.732142857143,-1.0,-0.005,1,SL,False
YM,S2,long,RISK_ON,2019-06-18 00:00:00+00:00,2019-08-01 00:00:00+00:00,26509.0,26524.0,0.02338530066815141,0.00011692650334075705,38,SMA50_BREAK,False
ES,S3,long,RISK_ON,2019-06-25 00:00:00+00:00,2019-07-17 00:00:00+00:00,2923.75,2977.5,2.815179891572183,0.014075899457860915,19,EMA_TRAIL,True
NQ,S3,long,RISK_ON,2019-06-25 00:00:00+00:00,2019-07-19 00:00:00+00:00,7634.5,7820.0,2.5255834647898805,0.012627917323949403,21,EMA_TRAIL,True
RTY,S3,long,RISK_ON,2019-07-02 00:00:00+00:00,2019-08-01 00:00:00+00:00,1563.7,1563.7,0.5086847112256804,0.002543423556128402,26,STOP_AFTER_TP1,True
NKD,S3,long,RISK_ON,2019-07-07 00:00:00+00:00,2019-07-16 00:00:00+00:00,21555.0,21427.321428571428,-1.0,-0.005,8,SL,False
DAX,S3,long,RISK_ON,2019-07-08 00:00:00+00:00,2019-07-09 00:00:00+00:00,12498.5,12409.482142857143,-1.0,-0.005,1,SL,False
DAX,S3,long,RISK_ON,2019-07-09 00:00:00+00:00,2019-07-15 00:00:00+00:00,12452.5,12290.107142857143,-1.0,-0.005,4,SL,False
DAX,S3,long,RISK_ON,2019-07-15 00:00:00+00:00,2019-07-18 00:00:00+00:00,12401.5,12219.232142857143,-1.0,-0.005,3,SL,False
ES,S3,long,RISK_ON,2019-07-22 00:00:00+00:00,2019-07-31 00:00:00+00:00,2994.75,2994.75,0.2919046323995994,0.0014595231619979972,8,STOP_AFTER_TP1,True
NKD,S3,long,RISK_ON,2019-07-25 00:00:00+00:00,2019-07-30 00:00:00+00:00,21640.0,21472.5,-1.0,-0.005,4,SL,False
YM,S2,long,RISK_ON,2019-09-11 00:00:00+00:00,2019-10-01 00:00:00+00:00,27270.0,26564.214285714286,-1.0,-0.005,17,SL,False
ES,S2,long,RISK_ON,2019-09-11 00:00:00+00:00,2019-10-01 00:00:00+00:00,3014.0,2940.464285714286,-1.0,-0.005,17,SL,False
RTY,S3,long,RISK_ON,2019-09-20 00:00:00+00:00,2019-09-24 00:00:00+00:00,1562.0,1540.367857142857,-1.0,-0.005,3,SL,False
NQ,S3,long,RISK_ON,2019-09-20 00:00:00+00:00,2019-09-24 00:00:00+00:00,7832.5,7761.071428571428,-1.0,-0.005,3,SL,False
DAX,S3,long,RISK_ON,2019-09-23 00:00:00+00:00,2019-09-25 00:00:00+00:00,12353.0,12187.785714285714,-1.0,-0.005,2,SL,False
NKD,S3,long,RISK_ON,2019-09-24 00:00:00+00:00,2019-10-02 00:00:00+00:00,21825.0,21560.535714285714,-1.0,-0.005,7,SL,False
RTY,S3,long,RISK_ON,2019-09-25 00:00:00+00:00,2019-09-27 00:00:00+00:00,1551.8,1517.2892857142858,-1.0,-0.005,2,SL,False
DAX,S3,long,RISK_ON,2019-09-25 00:00:00+00:00,2019-10-02 00:00:00+00:00,12251.5,12064.839285714286,-1.0,-0.005,5,SL,False
NQ,S3,long,RISK_ON,2019-09-30 00:00:00+00:00,2019-10-01 00:00:00+00:00,7811.5,7707.25,-0.6315106279409388,-0.003157553139704694,1,SMA50_BREAK,False
DAX,S2,long,RISK_ON,2019-11-04 00:00:00+00:00,2020-01-27 00:00:00+00:00,13130.0,13192.0,0.15256844047985235,0.0007628422023992618,55,SMA50_BREAK,False
YM,S2,long,RISK_ON,2019-11-07 00:00:00+00:00,2020-01-31 00:00:00+00:00,27630.0,28228.0,1.4061135371179057,0.0070305676855895284,73,SMA50_BREAK,False
RTY,S3,long,RISK_ON,2019-11-11 00:00:00+00:00,2019-11-21 00:00:00+00:00,1594.8,1579.6285714285714,-1.0,-0.005,9,SL,False
NQ,S3,long,RISK_ON,2019-11-11 00:00:00+00:00,2019-11-13 00:00:00+00:00,8232.5,8232.5,0.28014077425842193,0.0014007038712921097,2,STOP_AFTER_TP1,True
NKD,S3,long,RISK_ON,2019-11-11 00:00:00+00:00,2019-11-13 00:00:00+00:00,23370.0,23141.071428571428,-1.0,-0.005,2,SL,False
ES,S3,long,RISK_ON,2019-11-11 00:00:00+00:00,2019-11-13 00:00:00+00:00,3082.75,3082.75,0.2703252032520345,0.0013516260162601725,2,STOP_AFTER_TP1,True
NKD,S3,long,RISK_ON,2019-11-13 00:00:00+00:00,2019-11-20 00:00:00+00:00,23165.0,23002.85714285714,-1.0,-0.005,6,SL,False
NQ,S3,long,RISK_ON,2019-11-19 00:00:00+00:00,2019-11-20 00:00:00+00:00,8307.5,8247.464285714286,-1.0,-0.005,1,SL,False
ES,S3,long,RISK_ON,2019-11-20 00:00:00+00:00,2019-12-03 00:00:00+00:00,3103.25,3103.25,0.44103392568659516,0.0022051696284329757,11,STOP_AFTER_TP1,True
NQ,S3,long,RISK_ON,2019-11-20 00:00:00+00:00,2019-12-03 00:00:00+00:00,8274.0,8274.0,0.4566635601118375,0.0022833178005591875,11,STOP_AFTER_TP1,True
RTY,S3,long,RISK_ON,2019-11-21 00:00:00+00:00,2019-12-03 00:00:00+00:00,1587.2,1604.4,1.358550794030818,0.006792753970154089,10,EMA_TRAIL,True
NKD,S3,long,RISK_ON,2019-11-22 00:00:00+00:00,2019-12-29 00:00:00+00:00,23200.0,23695.0,1.0984848484848486,0.005492424242424243,31,EMA_TRAIL,True
NQ,S3,long,RISK_ON,2019-12-05 00:00:00+00:00,2020-01-26 00:00:00+00:00,8319.0,9014.75,3.6860317665011615,0.01843015883250581,44,EMA_TRAIL,True
ES,S3,long,RISK_ON,2019-12-09 00:00:00+00:00,2019-12-10 00:00:00+00:00,3138.5,3119.8214285714284,-1.0,-0.005,1,SL,False
RTY,S2,long,RISK_ON,2019-12-12 00:00:00+00:00,2020-01-26 00:00:00+00:00,1654.1,1646.0,-0.1889212827988317,-0.0009446064139941585,38,SMA50_BREAK,False
ES,S3,long,RISK_ON,2019-12-30 00:00:00+00:00,2020-01-03 00:00:00+00:00,3228.5,3228.5,0.4682734874569585,0.0023413674372847926,4,STOP_AFTER_TP1,True
ES,S3,long,RISK_ON,2020-01-05 00:00:00+00:00,2020-01-07 00:00:00+00:00,3221.25,3198.2053571428573,-1.0,-0.005,2,SL,False
ES,S3,long,RISK_ON,2020-01-24 00:00:00+00:00,2020-01-26 00:00:00+00:00,3291.75,3268.410714285714,-1.0,-0.005,1,SL,False
NQ,S3,long,RISK_ON,2020-01-29 00:00:00+00:00,2020-02-21 00:00:00+00:00,9067.25,9455.0,2.309553401276009,0.011547767006380046,20,EMA_TRAIL,True
ES,S3,long,RISK_ON,2020-02-20 00:00:00+00:00,2020-02-23 00:00:00+00:00,3359.25,3324.1071428571427,-1.0,-0.005,2,SL,False
NQ,S3,long,RISK_ON,2020-04-21 00:00:00+00:00,2020-06-14 00:00:00+00:00,8452.25,9588.25,3.692912081410488,0.01846456040705244,46,EMA_TRAIL,True
NKD,S3,long,RISK_ON,2020-04-22 00:00:00+00:00,2020-05-01 00:00:00+00:00,19365.0,19535.0,0.439344262295082,0.00219672131147541,8,EMA_TRAIL,True
ES,S3,long,RISK_ON,2020-04-22 00:00:00+00:00,2020-05-03 00:00:00+00:00,2784.5,2784.5,0.29383663560184853,0.0014691831780092428,9,STOP_AFTER_TP1,True
YM,S3,long,RISK_ON,2020-04-30 00:00:00+00:00,2020-05-01 00:00:00+00:00,24000.0,23547.39285714286,-1.0,-0.005,1,SL,False
YM,S3,long,RISK_ON,2020-05-01 00:00:00+00:00,2020-05-03 00:00:00+00:00,23587.0,23223.35714285714,-1.0,-0.005,1,SL,False
RTY,S3,long,RISK_ON,2020-05-01 00:00:00+00:00,2020-05-13 00:00:00+00:00,1253.3,1211.4535714285714,-1.0,-0.005,10,SL,False
DAX,S3,long,RISK_ON,2020-05-04 00:00:00+00:00,2020-05-14 00:00:00+00:00,10587.5,10188.07142857143,-1.0,-0.005,8,SL,False
YM,S3,long,RISK_ON,2020-05-04 00:00:00+00:00,2020-05-14 00:00:00+00:00,23786.0,22934.785714285714,-1.0,-0.005,9,SL,False
ES,S3,long,RISK_ON,2020-05-04 00:00:00+00:00,2020-06-11 00:00:00+00:00,2848.0,3036.25,1.4798393574297197,0.007399196787148599,33,EMA_TRAIL,True
NKD,S3,long,RISK_ON,2020-05-04 00:00:00+00:00,2020-06-11 00:00:00+00:00,19565.0,22075.0,2.9687995769434234,0.014843997884717117,33,EMA_TRAIL,True
RTY,S3,long,RISK_ON,2020-05-17 00:00:00+00:00,2020-06-11 00:00:00+00:00,1268.8999999999999,1374.3,1.3113325031133272,0.006556662515566636,22,EMA_TRAIL,True
YM,S3,long,RISK_ON,2020-05-17 00:00:00+00:00,2020-06-11 00:00:00+00:00,23733.0,25431.0,1.9624315650368118,0.00981215782518406,22,EMA_TRAIL,True
NKD,S3,long,RISK_ON,2020-06-12 00:00:00+00:00,2020-07-24 00:00:00+00:00,22245.0,22355.0,0.12908633696563263,0.0006454316848281632,36,SMA50_BREAK,False
DAX,S3,long,RISK_ON,2020-06-12 00:00:00+00:00,2020-07-30 00:00:00+00:00,12017.5,12438.5,1.3622311549459218,0.00681115577472961,34,EMA_TRAIL,True
YM,S3,long,RISK_ON,2020-06-15 00:00:00+00:00,2020-06-26 00:00:00+00:00,25917.0,24900.0,-0.5916230366492147,-0.0029581151832460736,10,SMA50_BREAK,False
ES,S3,long,RISK_ON,2020-06-17 00:00:00+00:00,2020-06-24 00:00:00+00:00,3074.75,3023.8035714285716,-1.0,-0.005,6,SL,False
NQ,S3,long,RISK_ON,2020-06-17 00:00:00+00:00,2020-06-25 00:00:00+00:00,9893.75,9893.75,0.3940481471027053,0.0019702407355135267,7,STOP_AFTER_TP1,True
RTY,S3,long,RISK_ON,2020-06-18 00:00:00+00:00,2020-06-24 00:00:00+00:00,1420.6,1369.7285714285713,-1.0,-0.005,5,SL,False
NQ,S3,long,RISK_ON,2020-06-28 00:00:00+00:00,2020-07-23 00:00:00+00:00,9880.25,10569.5,2.7654035609125285,0.013827017804562643,22,EMA_TRAIL,True
ES,S3,long,RISK_ON,2020-07-19 00:00:00+00:00,2020-07-24 00:00:00+00:00,3200.75,3200.75,0.37082314588426973,0.0018541157294213488,5,STOP_AFTER_TP1,True
YM,S3,long,RISK_ON,2020-07-20 00:00:00+00:00,2020-07-30 00:00:00+00:00,26611.0,26110.89285714286,-1.0,-0.005,9,SL,False
RTY,S3,long,RISK_ON,2020-07-24 00:00:00+00:00,2020-09-03 00:00:00+00:00,1463.3999999999999,1553.1,3.5984129722270195,0.0179920648611351,35,EMA_TRAIL,True
ES,S3,long,RISK_ON,2020-07-24 00:00:00+00:00,2020-09-04 00:00:00+00:00,3204.25,3415.0,4.35627906976742,0.0217813953488371,36,EMA_TRAIL,True
NQ,S3,long,RISK_ON,2020-07-29 00:00:00+00:00,2020-09-03 00:00:00+00:00,10658.0,11664.0,3.0014218430640804,0.015007109215320403,31,EMA_TRAIL,True
YM,S3,long,RISK_ON,2020-07-30 00:00:00+00:00,2020-09-04 00:00:00+00:00,26373.0,28061.0,2.0251525339310175,0.010125762669655088,31,EMA_TRAIL,True
NKD,S3,long,RISK_ON,2020-08-26 00:00:00+00:00,2020-08-28 00:00:00+00:00,23195.0,23020.89285714286,-1.0,-0.005,2,SL,False
DAX,S3,long,RISK_ON,2020-08-31 00:00:00+00:00,2020-09-03 00:00:00+00:00,12943.0,12943.0,0.6323254945875305,0.0031616274729376528,3,STOP_AFTER_TP1,True
DAX,S3,long,RISK_ON,2020-09-03 00:00:00+00:00,2020-09-04 00:00:00+00:00,13011.5,12797.839285714286,-1.0,-0.005,1,SL,False
NKD,S3,long,RISK_ON,2020-09-03 00:00:00+00:00,2020-09-08 00:00:00+00:00,23230.0,22781.964285714286,-1.0,-0.005,4,SL,False
YM,S3,long,RISK_ON,2020-09-06 00:00:00+00:00,2020-09-08 00:00:00+00:00,28156.0,27415.178571428572,-1.0,-0.005,2,SL,False
ES,S5,long,RISK_ON,2020-09-06 00:00:00+00:00,2020-09-08 00:00:00+00:00,3415.5,3380.25,-1.0,-0.005,2,SL,False
ES,S1,long,RISK_ON,2020-09-09 00:00:00+00:00,2020-09-11 00:00:00+00:00,3392.5,3337.25,-0.25932362297396067,-0.0012966181148698034,2,SMA50_BREAK,False
NKD,S3,long,RISK_ON,2020-09-09 00:00:00+00:00,2020-09-21 00:00:00+00:00,23100.0,22517.14285714286,-1.0,-0.005,10,SL,False
NQ,S1,long,RISK_ON,2020-09-09 00:00:00+00:00,2020-09-11 00:00:00+00:00,11362.25,11071.0,-0.4158056099850451,-0.0020790280499252255,2,SMA50_BREAK,False
DAX,S3,long,RISK_ON,2020-09-10 00:00:00+00:00,2020-09-21 00:00:00+00:00,13110.5,12718.767857142857,-1.0,-0.005,7,SL,False
NKD,S3,long,RISK_ON,2020-10-12 00:00:00+00:00,2020-10-15 00:00:00+00:00,23560.0,23397.85714285714,-1.0,-0.005,3,SL,False
NKD,S3,long,RISK_ON,2020-10-15 00:00:00+00:00,2020-10-26 00:00:00+00:00,23540.0,23283.035714285714,-1.0,-0.005,9,SL,False
ES,S3,long,RISK_ON,2020-10-16 00:00:00+00:00,2020-10-21 00:00:00+00:00,3465.5,3406.2589285714284,-1.0,-0.005,4,SL,False
NQ,S3,long,RISK_ON,2020-10-18 00:00:00+00:00,2020-10-19 00:00:00+00:00,11900.75,11678.63392857143,-1.0,-0.005,1,SL,False
YM,S3,long,RISK_ON,2020-10-19 00:00:00+00:00,2020-10-21 00:00:00+00:00,28184.0,27975.0,-0.5975696926375983,-0.0029878484631879914,2,SMA50_BREAK,False
RTY,S3,long,RISK_ON,2020-10-19 00:00:00+00:00,2020-10-21 00:00:00+00:00,1617.0,1593.1357142857141,-1.0,-0.005,2,SL,False
NQ,S3,long,RISK_ON,2020-10-19 00:00:00+00:00,2020-10-26 00:00:00+00:00,11687.25,11478.05357142857,-1.0,-0.005,6,SL,False
YM,S3,long,RISK_ON,2020-10-22 00:00:00+00:00,2020-10-26 00:00:00+00:00,28249.0,27703.714285714286,-1.0,-0.005,3,SL,False
ES,S3,long,RISK_ON,2020-10-22 00:00:00+00:00,2020-10-26 00:00:00+00:00,3446.5,3377.401785714286,-1.0,-0.005,3,SL,False
RTY,S3,long,RISK_ON,2020-10-25 00:00:00+00:00,2020-10-26 00:00:00+00:00,1623.0,1604.142857142857,-1.0,-0.005,1,SL,False
NKD,S3,long,RISK_ON,2020-11-19 00:00:00+00:00,2020-12-22 00:00:00+00:00,25475.0,26455.0,2.9921393669003504,0.014960696834501753,28,EMA_TRAIL,True
ES,S3,long,RISK_ON,2020-11-20 00:00:00+00:00,2020-12-22 00:00:00+00:00,3552.25,3661.0,2.8679883202704923,0.014339941601352463,27,EMA_TRAIL,True
NQ,S3,long,RISK_ON,2020-11-20 00:00:00+00:00,2021-01-05 00:00:00+00:00,11908.75,12645.0,2.8557024857486426,0.014278512428743213,37,EMA_TRAIL,True
YM,S3,long,RISK_ON,2020-11-22 00:00:00+00:00,2020-12-22 00:00:00+00:00,29302.0,29786.0,1.2902940281581012,0.006451470140790506,26,EMA_TRAIL,True
RTY,S3,long,RISK_ON,2020-12-01 00:00:00+00:00,2021-01-04 00:00:00+00:00,1829.8,1953.8,2.7840937158180785,0.013920468579090392,27,EMA_TRAIL,True
DAX,S3,long,RISK_ON,2020-12-02 00:00:00+00:00,2020-12-03 00:00:00+00:00,13298.0,13188.517857142857,-1.0,-0.005,1,SL,False
DAX,S3,long,RISK_ON,2020-12-03 00:00:00+00:00,2020-12-11 00:00:00+00:00,13194.0,13194.0,0.918940292605765,0.004594701463028825,6,STOP_AFTER_TP1,True
DAX,S3,long,RISK_ON,2020-12-14 00:00:00+00:00,2020-12-21 00:00:00+00:00,13204.5,13204.5,0.3007103058142999,0.0015035515290714996,5,STOP_AFTER_TP1,True
DAX,S3,long,RISK_ON,2020-12-21 00:00:00+00:00,2021-01-25 00:00:00+00:00,13363.5,13719.0,0.8493891940641136,0.004246945970320568,21,EMA_TRAIL,True
NKD,S3,long,RISK_ON,2020-12-24 00:00:00+00:00,2021-01-28 00:00:00+00:00,26640.0,28120.0,3.4182754182754187,0.017091377091377095,28,EMA_TRAIL,True
NQ,S3,long,RISK_ON,2021-01-11 00:00:00+00:00,2021-01-12 00:00:00+00:00,12929.25,12782.919642857143,-1.0,-0.005,1,SL,False
NQ,S3,long,RISK_ON,2021-01-12 00:00:00+00:00,2021-01-27 00:00:00+00:00,12917.0,12917.0,0.28536430006369673,0.0014268215003184837,13,STOP_AFTER_TP1,True
ES,S3,long,RISK_ON,2021-01-14 00:00:00+00:00,2021-01-15 00:00:00+00:00,3788.75,3752.3214285714284,-1.0,-0.005,1,SL,False
YM,S3,long,RISK_ON,2021-01-14 00:00:00+00:00,2021-01-15 00:00:00+00:00,30875.0,30618.821428571428,-1.0,-0.005,1,SL,False
YM,S3,long,RISK_ON,2021-01-15 00:00:00+00:00,2021-01-25 00:00:00+00:00,30626.0,30626.0,0.5696246930901427,0.0028481234654507137,8,STOP_AFTER_TP1,True
RTY,S3,long,RISK_ON,2021-01-15 00:00:00+00:00,2021-01-27 00:00:00+00:00,2112.6000000000004,2112.6000000000004,0.4170091224388593,0.0020850456121942963,10,STOP_AFTER_TP1,True
ES,S2,long,RISK_ON,2021-01-20 00:00:00+00:00,2021-01-27 00:00:00+00:00,3855.25,3717.285714285714,-1.0,-0.005,6,SL,False
YM,S3,long,RISK_ON,2021-01-26 00:00:00+00:00,2021-01-27 00:00:00+00:00,30774.0,30317.071428571428,-1.0,-0.005,1,SL,False
NKD,S3,long,RISK_ON,2021-02-03 00:00:00+00:00,2021-02-25 00:00:00+00:00,28505.0,29415.0,1.7380088673921827,0.008690044336960913,19,EMA_TRAIL,True
DAX,S3,long,RISK_ON,2021-02-09 00:00:00+00:00,2021-02-10 00:00:00+00:00,14024.5,13825.25,-1.0,-0.005,1,SL,False
DAX,S3,long,RISK_ON,2021-02-10 00:00:00+00:00,2021-02-23 00:00:00+00:00,13923.5,13689.107142857143,-1.0,-0.005,9,SL,False
NQ,S3,long,RISK_ON,2021-02-16 00:00:00+00:00,2021-02-17 00:00:00+00:00,13756.5,13606.151785714286,-1.0,-0.005,1,SL,False
RTY,S3,long,RISK_ON,2021-02-16 00:00:00+00:00,2021-02-17 00:00:00+00:00,2263.4,2233.571428571429,-1.0,-0.005,1,SL,False
ES,S3,long,RISK_ON,2021-02-16 00:00:00+00:00,2021-02-18 00:00:00+00:00,3926.75,3893.5535714285716,-1.0,-0.005,2,SL,False
NQ,S3,long,RISK_ON,2021-02-17 00:00:00+00:00,2021-02-22 00:00:00+00:00,13697.75,13464.32142857143,-1.0,-0.005,4,SL,False
RTY,S3,long,RISK_ON,2021-02-17 00:00:00+00:00,2021-02-23 00:00:00+00:00,2260.2000000000003,2202.953571428571,-1.0,-0.005,5,SL,False
ES,S3,long,RISK_ON,2021-02-18 00:00:00+00:00,2021-02-22 00:00:00+00:00,3893.0,3863.098214285714,-1.0,-0.005,3,SL,False
YM,S3,long,RISK_ON,2021-02-18 00:00:00+00:00,2021-02-25 00:00:00+00:00,31319.0,31319.0,0.5101726427622877,0.0025508632138114386,6,STOP_AFTER_TP1,True
ES,S3,long,RISK_ON,2021-02-22 00:00:00+00:00,2021-02-23 00:00:00+00:00,3887.75,3844.4821428571427,-1.0,-0.005,1,SL,False
ES,S2,long,RISK_ON,2021-04-05 00:00:00+00:00,2021-05-12 00:00:00+00:00,4062.75,4074.5,0.0984735109248729,0.0004923675546243645,32,SMA50_BREAK,False
DAX,S3,long,RISK_ON,2021-04-14 00:00:00+00:00,2021-04-20 00:00:00+00:00,15191.5,15191.5,0.6002341235001444,0.003001170617500722,4,STOP_AFTER_TP1,True
NKD,S3,long,RISK_ON,2021-04-14 00:00:00+00:00,2021-04-19 00:00:00+00:00,29760.0,29364.64285714286,-1.0,-0.005,4,SL,False
NQ,S3,long,RISK_ON,2021-04-20 00:00:00+00:00,2021-05-03 00:00:00+00:00,13735.75,13735.75,1.031989981785056,0.00515994990892528,11,STOP_AFTER_TP1,True
YM,S3,long,RISK_ON,2021-04-20 00:00:00+00:00,2021-05-11 00:00:00+00:00,33666.0,34050.0,1.9512304250559094,0.009756152125279548,18,EMA_TRAIL,True
DAX,S3,long,RISK_ON,2021-04-20 00:00:00+00:00,2021-05-04 00:00:00+00:00,15173.5,15046.92857142857,-1.0,-0.005,10,SL,False
DAX,S3,long,RISK_ON,2021-05-05 00:00:00+00:00,2021-05-19 00:00:00+00:00,15172.5,15172.5,0.2697473314416974,0.001348736657208487,10,STOP_AFTER_TP1,True
YM,S3,long,RISK_ON,2021-05-24 00:00:00+00:00,2021-06-15 00:00:00+00:00,34404.0,34169.0,-0.44963782971163224,-0.0022481891485581613,19,SMA50_BREAK,False
DAX,S3,long,RISK_ON,2021-05-26 00:00:00+00:00,2021-06-18 00:00:00+00:00,15458.5,15458.5,0.2720219704771717,0.0013601098523858585,17,STOP_AFTER_TP1,True
ES,S2,long,RISK_ON,2021-06-10 00:00:00+00:00,2021-06-16 00:00:00+00:00,4241.75,4191.910714285715,-1.0,-0.005,5,SL,False
RTY,S3,long,RISK_ON,2021-06-14 00:00:00+00:00,2021-06-15 00:00:00+00:00,2327.4,2304.160714285714,-1.0,-0.005,1,SL,False
RTY,S3,long,RISK_ON,2021-06-15 00:00:00+00:00,2021-06-16 00:00:00+00:00,2316.8,2286.5857142857144,-1.0,-0.005,1,SL,False
NQ,S3,long,RISK_ON,2021-06-16 00:00:00+00:00,2021-07-18 00:00:00+00:00,13898.0,14621.0,3.7983394062481466,0.018991697031240734,27,EMA_TRAIL,True
RTY,S3,long,RISK_ON,2021-06-16 00:00:00+00:00,2021-06-17 00:00:00+00:00,2297.0,2270.982142857143,-1.0,-0.005,1,SL,False
NKD,S3,long,RISK_ON,2021-06-17 00:00:00+00:00,2021-06-18 00:00:00+00:00,29100.0,28695.714285714286,-1.0,-0.005,1,SL,False
NKD,S3,long,RISK_ON,2021-06-23 00:00:00+00:00,2021-06-28 00:00:00+00:00,28915.0,28770.0,-0.2936708860759494,-0.0014683544303797469,4,SMA50_BREAK,False
DAX,S3,long,RISK_ON,2021-06-24 00:00:00+00:00,2021-07-08 00:00:00+00:00,15577.5,15348.82142857143,-1.0,-0.005,10,SL,False
RTY,S3,long,RISK_ON,2021-06-28 00:00:00+00:00,2021-07-06 00:00:00+00:00,2310.0,2281.8714285714286,-1.0,-0.005,7,SL,False
ES,S3,long,RISK_ON,2021-07-08 00:00:00+00:00,2021-07-16 00:00:00+00:00,4298.25,4318.5,0.9922998422859344,0.004961499211429672,7,EMA_TRAIL,True
YM,S3,long,RISK_ON,2021-07-16 00:00:00+00:00,2021-07-18 00:00:00+00:00,34558.0,34373.357142857145,-1.0,-0.005,1,SL,False
NQ,S3,long,RISK_ON,2021-07-19 00:00:00+00:00,2021-08-17 00:00:00+00:00,14642.5,14983.0,1.2652775957716358,0.006326387978858179,25,EMA_TRAIL,True
ES,S3,long,RISK_ON,2021-07-28 00:00:00+00:00,2021-07-30 00:00:00+00:00,4382.25,4382.25,0.2965691918029042,0.001482845959014521,2,STOP_AFTER_TP1,True
YM,S3,long,RISK_ON,2021-07-28 00:00:00+00:00,2021-08-03 00:00:00+00:00,34788.0,34788.0,0.4754559043348231,0.0023772795216741157,5,STOP_AFTER_TP1,True
ES,S3,long,RISK_ON,2021-08-02 00:00:00+00:00,2021-08-18 00:00:00+00:00,4385.5,4385.5,0.424112168662372,0.00212056084331186,14,STOP_AFTER_TP1,True
YM,S3,long,RISK_ON,2021-08-04 00:00:00+00:00,2021-08-18 00:00:00+00:00,34760.0,34888.0,0.6107400279255881,0.0030537001396279406,12,EMA_TRAIL,True
DAX,S3,long,RISK_ON,2021-08-19 00:00:00+00:00,2021-09-08 00:00:00+00:00,15795.5,15617.0,-0.7149191818051803,-0.0035745959090259017,14,SMA50_BREAK,False
YM,S3,long,RISK_ON,2021-08-25 00:00:00+00:00,2021-09-07 00:00:00+00:00,35336.0,35085.642857142855,-1.0,-0.005,11,SL,False
ES,S3,long,RISK_ON,2021-08-26 00:00:00+00:00,2021-09-10 00:00:00+00:00,4471.0,4471.0,0.33973710819008934,0.0016986855409504467,13,STOP_AFTER_TP1,True
NQ,S2,long,RISK_ON,2021-08-30 00:00:00+00:00,2021-09-20 00:00:00+00:00,15595.25,15178.339285714286,-1.0,-0.005,18,SL,False
NKD,S3,long,RISK_ON,2021-09-17 00:00:00+00:00,2021-09-20 00:00:00+00:00,30150.0,29847.321428571428,-1.0,-0.005,2,SL,False
NKD,S3,long,RISK_ON,2021-09-23 00:00:00+00:00,2021-09-30 00:00:00+00:00,30020.0,29308.928571428572,-1.0,-0.005,6,SL,False
NQ,S2,long,RISK_ON,2021-10-25 00:00:00+00:00,2021-12-03 00:00:00+00:00,15567.25,15687.5,0.3122580046834068,0.001561290023417034,34,SMA50_BREAK,False
YM,S3,long,RISK_ON,2021-10-27 00:00:00+00:00,2021-11-17 00:00:00+00:00,35445.0,35844.0,1.874629695461538,0.00937314847730769,18,EMA_TRAIL,True
NKD,S3,long,RISK_ON,2021-11-07 00:00:00+00:00,2021-11-09 00:00:00+00:00,29620.0,29325.89285714286,-1.0,-0.005,2,SL,False
ES,S3,long,RISK_ON,2021-11-10 00:00:00+00:00,2021-11-23 00:00:00+00:00,4650.25,4650.25,0.48408180476491225,0.0024204090238245613,11,STOP_AFTER_TP1,True
NKD,S3,long,RISK_ON,2021-11-10 00:00:00+00:00,2021-11-17 00:00:00+00:00,29355.0,29435.0,0.4662154903856496,0.002331077451928248,6,EMA_TRAIL,True
RTY,S3,long,RISK_ON,2021-11-10 00:00:00+00:00,2021-11-18 00:00:00+00:00,2391.6000000000004,2359.9535714285716,-1.0,-0.005,7,SL,False
YM,S3,long,RISK_ON,2021-11-18 00:00:00+00:00,2021-11-23 00:00:00+00:00,35928.0,35463.03571428572,-1.0,-0.005,4,SL,False
DAX,S3,long,RISK_ON,2021-11-19 00:00:00+00:00,2021-11-23 00:00:00+00:00,16143.5,16032.57142857143,-1.0,-0.005,2,SL,False
NKD,S3,long,RISK_ON,2021-11-21 00:00:00+00:00,2021-11-24 00:00:00+00:00,29685.0,29327.678571428572,-1.0,-0.005,3,SL,False
ES,S3,long,RISK_ON,2021-11-23 00:00:00+00:00,2021-11-26 00:00:00+00:00,4684.0,4631.017857142857,-1.0,-0.005,3,SL,False
YM,S3,long,RISK_ON,2021-11-24 00:00:00+00:00,2021-11-26 00:00:00+00:00,35843.0,35227.892857142855,-1.0,-0.005,2,SL,False
ES,S3,long,RISK_ON,2021-11-29 00:00:00+00:00,2021-11-30 00:00:00+00:00,4661.75,4566.142857142857,-1.0,-0.005,1,SL,False
RTY,S3,long,RISK_ON,2022-04-01 00:00:00+00:00,2022-04-05 00:00:00+00:00,2088.3,2043.9892857142859,-1.0,-0.005,3,SL,False
NKD,S3,long,RISK_ON,2022-04-03 00:00:00+00:00,2022-04-05 00:00:00+00:00,27735.0,27385.89285714286,-1.0,-0.005,2,SL,False
NQ,S3,long,RISK_ON,2022-04-03 00:00:00+00:00,2022-04-06 00:00:00+00:00,14827.5,14593.160714285714,-1.0,-0.005,3,SL,False
YM,S3,long,RISK_ON,2022-04-03 00:00:00+00:00,2022-04-06 00:00:00+00:00,34682.0,34243.82142857143,-1.0,-0.005,3,SL,False
ES,S3,long,RISK_ON,2022-04-03 00:00:00+00:00,2022-04-06 00:00:00+00:00,4534.75,4472.428571428572,-1.0,-0.005,3,SL,False
ES,S3,long,RISK_ON,2022-04-07 00:00:00+00:00,2022-04-11 00:00:00+00:00,4492.75,4414.785714285715,-1.0,-0.005,3,SL,False
YM,S3,long,RISK_ON,2022-04-08 00:00:00+00:00,2022-04-22 00:00:00+00:00,34629.0,34629.0,0.2974985741057593,0.0014874928705287966,11,STOP_AFTER_TP1,True
NQ,S3,long,RISK_ON,2022-07-26 00:00:00+00:00,2022-08-21 00:00:00+00:00,12270.25,13196.5,2.215895487430383,0.011079477437151914,22,EMA_TRAIL,True
NKD,S3,long,RISK_ON,2022-08-01 00:00:00+00:00,2022-08-22 00:00:00+00:00,27590.0,28390.0,3.384347826086982,0.01692173913043491,18,EMA_TRAIL,True
YM,S3,long,RISK_ON,2022-08-02 00:00:00+00:00,2022-08-22 00:00:00+00:00,32447.0,33096.0,1.8364862883120663,0.009182431441560331,17,EMA_TRAIL,True
DAX,S3,long,RISK_ON,2022-08-09 00:00:00+00:00,2022-08-19 00:00:00+00:00,13527.5,13527.5,0.7138694638694593,0.0035693473193472965,8,STOP_AFTER_TP1,True
RTY,S3,long,RISK_ON,2022-08-09 00:00:00+00:00,2022-08-22 00:00:00+00:00,1914.8,1914.8,0.5585106382978716,0.0027925531914893584,11,STOP_AFTER_TP1,True
ES,S3,long,RISK_ON,2022-08-09 00:00:00+00:00,2022-08-22 00:00:00+00:00,4125.5,4145.0,0.822695035460993,0.004113475177304965,11,EMA_TRAIL,True
NKD,S3,long,RISK_ON,2022-08-24 00:00:00+00:00,2022-08-28 00:00:00+00:00,28495.0,28093.214285714286,-1.0,-0.005,3,SL,False
RTY,S3,long,RISK_ON,2022-08-24 00:00:00+00:00,2022-08-28 00:00:00+00:00,1943.8,1887.9250000000002,-1.0,-0.005,3,SL,False
ES,S3,long,RISK_ON,2022-08-25 00:00:00+00:00,2022-08-26 00:00:00+00:00,4199.75,4082.8839285714284,-1.0,-0.005,1,SL,False
YM,S3,long,RISK_ON,2022-08-25 00:00:00+00:00,2022-08-26 00:00:00+00:00,33272.0,32560.714285714286,-1.0,-0.005,1,SL,False
NQ,S3,long,RISK_ON,2022-08-25 00:00:00+00:00,2022-08-26 00:00:00+00:00,13150.0,12710.00892857143,-1.0,-0.005,1,SL,False
NKD,S3,long,RISK_ON,2022-11-14 00:00:00+00:00,2022-11-28 00:00:00+00:00,28010.0,28010.0,0.3533653846153827,0.0017668269230769135,12,STOP_AFTER_TP1,True
RTY,S3,long,RISK_ON,2022-11-16 00:00:00+00:00,2022-11-17 00:00:00+00:00,1858.5,1831.0214285714285,-1.0,-0.005,1,SL,False
ES,S3,long,RISK_ON,2022-11-17 00:00:00+00:00,2022-12-06 00:00:00+00:00,3957.0,3957.0,0.3613089707855884,0.001806544853927942,16,STOP_AFTER_TP1,True
RTY,S3,long,RISK_ON,2022-11-17 00:00:00+00:00,2022-12-07 00:00:00+00:00,1843.5,1803.4,-0.8711980136561115,-0.004355990068280558,17,SMA50_BREAK,False
DAX,S3,long,RISK_ON,2022-11-28 00:00:00+00:00,2022-12-06 00:00:00+00:00,14366.5,14366.5,0.6404683933710402,0.003202341966855201,6,STOP_AFTER_TP1,True
NQ,S3,long,RISK_ON,2022-11-28 00:00:00+00:00,2022-11-29 00:00:00+00:00,11636.25,11481.69642857143,-1.0,-0.005,1,SL,False
YM,S3,long,RISK_ON,2022-11-28 00:00:00+00:00,2022-11-30 00:00:00+00:00,33879.0,33637.92857142857,-1.0,-0.005,2,SL,False
NKD,S3,long,RISK_ON,2022-11-28 00:00:00+00:00,2022-12-01 00:00:00+00:00,28020.0,27775.178571428572,-1.0,-0.005,3,SL,False
YM,S2,long,RISK_ON,2022-11-30 00:00:00+00:00,2022-12-06 00:00:00+00:00,34588.0,33472.67857142857,-1.0,-0.005,5,SL,False
NQ,S3,long,RISK_ON,2022-12-05 00:00:00+00:00,2022-12-06 00:00:00+00:00,11823.25,11643.598214285714,-1.0,-0.005,1,SL,False
DAX,S3,long,RISK_ON,2022-12-06 00:00:00+00:00,2022-12-15 00:00:00+00:00,14300.5,14300.5,0.7700970200970244,0.0038504851004851222,7,STOP_AFTER_TP1,True
NKD,S2,long,RISK_ON,2022-12-13 00:00:00+00:00,2022-12-15 00:00:00+00:00,28145.0,27570.0,-0.873575691806836,-0.00436787845903418,2,SMA50_BREAK,False
ES,S3,long,RISK_ON,2022-12-14 00:00:00+00:00,2022-12-15 00:00:00+00:00,4030.0,3959.5714285714284,-1.0,-0.005,1,SL,False
YM,S3,long,RISK_ON,2022-12-14 00:00:00+00:00,2022-12-15 00:00:00+00:00,34249.0,33689.357142857145,-1.0,-0.005,1,SL,False
DAX,S3,long,RISK_ON,2023-01-24 00:00:00+00:00,2023-02-24 00:00:00+00:00,15174.5,15251.0,0.543612830613394,0.00271806415306697,23,EMA_TRAIL,True
RTY,S3,long,RISK_ON,2023-01-30 00:00:00+00:00,2023-02-09 00:00:00+00:00,1898.0,1918.8,1.230998509687033,0.006154992548435165,9,EMA_TRAIL,True
ES,S3,long,RISK_ON,2023-01-30 00:00:00+00:00,2023-02-16 00:00:00+00:00,4038.0,4085.75,1.70884801903193,0.00854424009515965,15,EMA_TRAIL,True
YM,S3,long,RISK_ON,2023-01-30 00:00:00+00:00,2023-01-31 00:00:00+00:00,33805.0,33584.92857142857,-1.0,-0.005,1,SL,False
NQ,S3,long,RISK_ON,2023-01-30 00:00:00+00:00,2023-02-20 00:00:00+00:00,11981.5,12348.25,2.8571840946814007,0.014285920473407003,18,EMA_TRAIL,True
YM,S3,long,RISK_ON,2023-02-03 00:00:00+00:00,2023-02-09 00:00:00+00:00,33949.0,33707.0,-0.7433900164563835,-0.0037169500822819175,5,SMA50_BREAK,False
NKD,S3,long,RISK_ON,2023-02-07 00:00:00+00:00,2023-02-21 00:00:00+00:00,27570.0,27225.89285714286,-1.0,-0.005,12,SL,False
RTY,S3,long,RISK_ON,2023-02-13 00:00:00+00:00,2023-02-21 00:00:00+00:00,1944.5,1896.307142857143,-1.0,-0.005,7,SL,False
YM,S3,long,RISK_ON,2023-02-14 00:00:00+00:00,2023-02-16 00:00:00+00:00,34014.0,33675.0,-0.7300415320719856,-0.003650207660359928,2,SMA50_BREAK,False
NKD,S3,long,RISK_ON,2023-02-26 00:00:00+00:00,2023-03-10 00:00:00+00:00,27425.0,27590.0,0.8894389438943926,0.004447194719471963,11,EMA_TRAIL,True
DAX,S3,long,RISK_ON,2023-02-27 00:00:00+00:00,2023-03-10 00:00:00+00:00,15426.5,15426.5,0.2819845230346419,0.0014099226151732095,9,STOP_AFTER_TP1,True
NQ,S3,long,RISK_ON,2023-04-05 00:00:00+00:00,2023-04-25 00:00:00+00:00,13031.5,12901.705357142857,-1.0,-0.005,17,SL,False
ES,S3,long,RISK_ON,2023-04-12 00:00:00+00:00,2023-04-25 00:00:00+00:00,4119.25,4119.25,0.6109725685785494,0.003054862842892747,11,STOP_AFTER_TP1,True
YM,S3,long,RISK_ON,2023-04-19 00:00:00+00:00,2023-04-24 00:00:00+00:00,34020.0,33798.03571428572,-1.0,-0.005,4,SL,False
DAX,S3,long,RISK_ON,2023-04-20 00:00:00+00:00,2023-05-02 00:00:00+00:00,15941.5,15941.5,0.28286326900874104,0.0014143163450437053,7,STOP_AFTER_TP1,True
YM,S3,long,RISK_ON,2023-04-24 00:00:00+00:00,2023-04-25 00:00:00+00:00,33978.0,33656.607142857145,-1.0,-0.005,1,SL,False
NKD,S3,long,RISK_ON,2023-04-25 00:00:00+00:00,2023-06-23 00:00:00+00:00,28530.0,32660.0,8.213820078226828,0.04106910039113414,51,EMA_TRAIL,True
DAX,S3,long,RISK_ON,2023-05-02 00:00:00+00:00,2023-05-11 00:00:00+00:00,15889.5,15889.5,0.374158249158248,0.0018707912457912401,7,STOP_AFTER_TP1,True
NQ,S3,long,RISK_ON,2023-05-02 00:00:00+00:00,2023-05-04 00:00:00+00:00,13179.5,13028.794642857143,-1.0,-0.005,2,SL,False
ES,S3,long,RISK_ON,2023-05-08 00:00:00+00:00,2023-05-10 00:00:00+00:00,4151.5,4113.196428571428,-1.0,-0.005,2,SL,False
NQ,S2,long,RISK_ON,2023-05-10 00:00:00+00:00,2023-06-26 00:00:00+00:00,13431.0,14885.75,5.832101047443007,0.029160505237215032,40,EMA_TRAIL,True
DAX,S3,long,RISK_ON,2023-05-16 00:00:00+00:00,2023-05-24 00:00:00+00:00,15931.5,15931.5,0.5985273106934784,0.002992636553467392,6,STOP_AFTER_TP1,True
ES,S2,long,RISK_ON,2023-05-18 00:00:00+00:00,2023-05-24 00:00:00+00:00,4217.25,4140.0,-0.6433670434265325,-0.0032168352171326625,5,SMA50_BREAK,False
DAX,S3,long,RISK_ON,2023-05-26 00:00:00+00:00,2023-05-31 00:00:00+00:00,16019.5,15665.964285714286,-1.0,-0.005,3,SL,False
RTY,S3,long,RISK_ON,2023-06-19 00:00:00+00:00,2023-06-20 00:00:00+00:00,1889.0,1872.1107142857143,-1.0,-0.005,1,SL,False
YM,S3,long,RISK_ON,2023-06-20 00:00:00+00:00,2023-06-23 00:00:00+00:00,34368.0,34049.892857142855,-1.0,-0.005,3,SL,False
ES,S3,long,RISK_ON,2023-06-20 00:00:00+00:00,2023-06-23 00:00:00+00:00,4437.75,4390.0625,-1.0,-0.005,3,SL,False
RTY,S3,long,RISK_ON,2023-06-20 00:00:00+00:00,2023-06-23 00:00:00+00:00,1886.6,1855.107142857143,-1.0,-0.005,3,SL,False
ES,S3,long,RISK_ON,2023-06-23 00:00:00+00:00,2023-07-09 00:00:00+00:00,4389.25,4425.5,2.081915563957181,0.010409577819785906,13,EMA_TRAIL,True
NKD,S3,long,RISK_ON,2023-06-25 00:00:00+00:00,2023-07-09 00:00:00+00:00,32800.0,32123.928571428572,-1.0,-0.005,12,SL,False
NQ,S3,long,RISK_ON,2023-06-27 00:00:00+00:00,2023-08-02 00:00:00+00:00,15048.0,15490.0,1.421680216802168,0.00710840108401084,31,EMA_TRAIL,True
RTY,S3,long,RISK_ON,2023-06-27 00:00:00+00:00,2023-08-04 00:00:00+00:00,1861.1,1965.3,1.851660445975696,0.00925830222987848,33,EMA_TRAIL,True
YM,S3,long,RISK_ON,2023-06-27 00:00:00+00:00,2023-08-04 00:00:00+00:00,34156.0,35145.0,2.020234291799796,0.010101171458998982,33,EMA_TRAIL,True
ES,S3,long,RISK_ON,2023-07-10 00:00:00+00:00,2023-08-02 00:00:00+00:00,4445.5,4544.25,1.6657742875840453,0.008328871437920226,20,EMA_TRAIL,True
DAX,S3,long,RISK_ON,2023-08-01 00:00:00+00:00,2023-08-02 00:00:00+00:00,16328.5,16222.857142857143,-1.0,-0.005,1,SL,False
ES,S5,long,RISK_ON,2023-08-03 00:00:00+00:00,2023-08-04 00:00:00+00:00,4538.0,4505.75,-1.0,-0.005,1,SL,False
RTY,S3,long,RISK_ON,2023-08-06 00:00:00+00:00,2023-08-08 00:00:00+00:00,1971.7,1944.3142857142857,-1.0,-0.005,2,SL,False
NKD,S3,long,RISK_ON,2023-09-18 00:00:00+00:00,2023-09-20 00:00:00+00:00,33010.0,32796.607142857145,-1.0,-0.005,2,SL,False
NKD,S3,long,RISK_ON,2023-11-20 00:00:00+00:00,2023-12-04 00:00:00+00:00,33395.0,32994.642857142855,-1.0,-0.005,12,SL,False
NQ,S2,long,RISK_ON,2023-11-20 00:00:00+00:00,2024-02-19 00:00:00+00:00,16111.25,17683.25,4.154314869874825,0.020771574349374124,76,EMA_TRAIL,True
RTY,S3,long,RISK_ON,2023-11-24 00:00:00+00:00,2024-01-03 00:00:00+00:00,1810.5,1983.4,4.542966611932123,0.022714833059660614,32,EMA_TRAIL,True
DAX,S2,long,RISK_ON,2023-11-29 00:00:00+00:00,2024-04-10 00:00:00+00:00,16208.5,18319.0,4.276458356134389,0.02138229178067195,90,EMA_TRAIL,True
YM,S2,long,RISK_ON,2023-11-30 00:00:00+00:00,2024-03-05 00:00:00+00:00,36052.0,38602.0,2.542401918793895,0.012712009593969476,80,EMA_TRAIL,True
ES,S2,long,RISK_ON,2023-12-01 00:00:00+00:00,2024-04-04 00:00:00+00:00,4604.75,5196.75,5.538660523018482,0.02769330261509241,104,EMA_TRAIL,True
NKD,S2,long,RISK_ON,2024-01-08 00:00:00+00:00,2024-03-08 00:00:00+00:00,33845.0,38910.0,4.831205133091942,0.02415602566545971,52,EMA_TRAIL,True
RTY,S3,long,RISK_ON,2024-01-08 00:00:00+00:00,2024-01-16 00:00:00+00:00,1999.7,1938.5785714285714,-1.0,-0.005,7,SL,False
RTY,S2,long,RISK_ON,2024-01-29 00:00:00+00:00,2024-01-31 00:00:00+00:00,2022.3,1958.3357142857142,-1.0,-0.005,2,SL,False
NQ,S3,long,RISK_ON,2024-02-26 00:00:00+00:00,2024-03-05 00:00:00+00:00,17949.0,17949.0,0.48587195000332983,0.0024293597500166493,7,STOP_AFTER_TP1,True
RTY,S3,long,RISK_ON,2024-03-05 00:00:00+00:00,2024-03-12 00:00:00+00:00,2055.3,2055.3,0.6783420899007524,0.003391710449503762,6,STOP_AFTER_TP1,True
NQ,S3,long,RISK_ON,2024-03-05 00:00:00+00:00,2024-03-11 00:00:00+00:00,17968.5,17968.5,0.5525138924046806,0.0027625694620234034,5,STOP_AFTER_TP1,True
YM,S3,long,RISK_ON,2024-03-14 00:00:00+00:00,2024-04-02 00:00:00+00:00,39334.0,39445.0,0.5144072713208248,0.002572036356604124,15,EMA_TRAIL,True
NQ,S3,long,RISK_ON,2024-03-14 00:00:00+00:00,2024-03-15 00:00:00+00:00,18246.25,18022.964285714286,-1.0,-0.005,1,SL,False
RTY,S3,long,RISK_ON,2024-03-15 00:00:00+00:00,2024-04-02 00:00:00+00:00,2063.6000000000004,2082.8,0.8147610405323547,0.0040738052026617734,14,EMA_TRAIL,True
NQ,S3,long,RISK_ON,2024-03-17 00:00:00+00:00,2024-04-02 00:00:00+00:00,18110.25,18293.75,1.0671259031859488,0.005335629515929744,13,EMA_TRAIL,True
RTY,S3,long,RISK_ON,2024-04-03 00:00:00+00:00,2024-04-10 00:00:00+00:00,2100.2000000000003,2052.5607142857143,-1.0,-0.005,6,SL,False
ES,S3,long,RISK_ON,2024-04-05 00:00:00+00:00,2024-04-12 00:00:00+00:00,5256.5,5169.348214285715,-1.0,-0.005,6,SL,False
YM,S2,long,RISK_ON,2024-05-15 00:00:00+00:00,2024-05-23 00:00:00+00:00,40106.0,39231.07142857143,-1.0,-0.005,7,SL,False
ES,S2,long,RISK_ON,2024-05-15 00:00:00+00:00,2024-07-18 00:00:00+00:00,5340.25,5603.25,2.006403329731457,0.010032016648657285,55,EMA_TRAIL,True
RTY,S3,long,RISK_ON,2024-05-20 00:00:00+00:00,2024-05-22 00:00:00+00:00,2111.0,2089.0464285714284,-1.0,-0.005,2,SL,False
DAX,S3,long,RISK_ON,2024-05-21 00:00:00+00:00,2024-05-23 00:00:00+00:00,18823.5,18630.428571428572,-1.0,-0.005,2,SL,False
RTY,S3,long,RISK_ON,2024-05-22 00:00:00+00:00,2024-05-23 00:00:00+00:00,2091.0,2068.9142857142856,-1.0,-0.005,1,SL,False
DAX,S3,long,RISK_ON,2024-05-23 00:00:00+00:00,2024-05-29 00:00:00+00:00,18660.5,18534.85714285714,-1.0,-0.005,4,SL,False
NQ,S3,long,RISK_ON,2024-05-23 00:00:00+00:00,2024-05-29 00:00:00+00:00,18726.75,18726.75,0.31766612641815234,0.0015883306320907617,5,STOP_AFTER_TP1,True
RTY,S3,long,RISK_ON,2024-05-27 00:00:00+00:00,2024-05-28 00:00:00+00:00,2084.7000000000003,2061.510714285714,-1.0,-0.005,1,SL,False
NQ,S3,long,RISK_ON,2024-05-29 00:00:00+00:00,2024-05-30 00:00:00+00:00,18714.0,18610.526785714286,-1.0,-0.005,1,SL,False
NQ,S3,long,RISK_ON,2024-06-02 00:00:00+00:00,2024-07-17 00:00:00+00:00,18628.75,20070.0,2.320730021200103,0.011603650106000516,39,EMA_TRAIL,True
DAX,S3,long,RISK_ON,2024-06-05 00:00:00+00:00,2024-06-11 00:00:00+00:00,18681.5,18314.535714285714,-1.0,-0.005,4,SL,False
NKD,S3,long,RISK_ON,2024-06-07 00:00:00+00:00,2024-06-16 00:00:00+00:00,38675.0,38275.71428571428,-1.0,-0.005,7,SL,False
YM,S3,long,RISK_ON,2024-07-03 00:00:00+00:00,2024-07-09 00:00:00+00:00,39636.0,39636.0,0.2678896180912463,0.0013394480904562315,5,STOP_AFTER_TP1,True
YM,S3,long,RISK_ON,2024-07-09 00:00:00+00:00,2024-07-24 00:00:00+00:00,39575.0,40179.0,1.9373522458628845,0.009686761229314422,13,EMA_TRAIL,True
NKD,S3,long,RISK_ON,2024-07-11 00:00:00+00:00,2024-07-17 00:00:00+00:00,41525.0,40941.25,-1.0,-0.005,5,SL,False
ES,S3,long,RISK_ON,2024-07-22 00:00:00+00:00,2024-07-24 00:00:00+00:00,5605.0,5527.732142857143,-1.0,-0.005,2,SL,False
RTY,S3,long,RISK_ON,2024-07-22 00:00:00+00:00,2024-08-01 00:00:00+00:00,2239.9,2239.9,0.30055321608454905,0.0015027660804227453,9,STOP_AFTER_TP1,True
RTY,S1,long,DEFENSIVE,2024-08-15 00:00:00+00:00,2024-09-03 00:00:00+00:00,2152.4,2148.0,-0.01706824894506614,-8.534124472533071e-05,16,SMA50_BREAK,False
NQ,S3,long,RISK_ON,2024-09-02 00:00:00+00:00,2024-09-03 00:00:00+00:00,19595.75,19373.26785714286,-1.0,-0.005,1,SL,False
DAX,S3,long,RISK_ON,2024-09-12 00:00:00+00:00,2024-10-30 00:00:00+00:00,18590.5,19327.0,1.344098134935538,0.00672049067467769,34,EMA_TRAIL,True
ES,S2,long,RISK_ON,2024-09-16 00:00:00+00:00,2024-10-31 00:00:00+00:00,5695.25,5741.0,0.2404956350323849,0.0012024781751619246,39,SMA50_BREAK,False
YM,S3,long,RISK_ON,2024-10-01 00:00:00+00:00,2024-10-23 00:00:00+00:00,42445.0,42710.0,0.9368572919544489,0.004684286459772245,19,EMA_TRAIL,True
NQ,S3,long,RISK_ON,2024-10-01 00:00:00+00:00,2024-10-31 00:00:00+00:00,19984.75,20057.5,0.7452907452907416,0.0037264537264537077,26,EMA_TRAIL,True
RTY,S3,long,RISK_ON,2024-10-04 00:00:00+00:00,2024-10-21 00:00:00+00:00,2229.2000000000003,2250.4,0.6860696517412828,0.0034303482587064137,14,EMA_TRAIL,True
NKD,S3,long,RISK_ON,2024-10-07 00:00:00+00:00,2024-10-15 00:00:00+00:00,39120.0,39120.0,0.44142614601018676,0.002207130730050934,7,STOP_AFTER_TP1,True
NKD,S3,long,RISK_ON,2024-10-15 00:00:00+00:00,2024-10-21 00:00:00+00:00,39320.0,38559.46428571428,-1.0,-0.005,5,SL,False
NQ,S3,long,RISK_ON,2024-11-14 00:00:00+00:00,2024-11-15 00:00:00+00:00,20915.75,20740.20535714286,-1.0,-0.005,1,SL,False
NQ,S3,long,RISK_ON,2024-11-27 00:00:00+00:00,2024-12-18 00:00:00+00:00,20849.5,21462.75,1.8140227804178837,0.009070113902089418,18,EMA_TRAIL,True
RTY,S3,long,RISK_ON,2024-12-02 00:00:00+00:00,2024-12-03 00:00:00+00:00,2441.7000000000003,2406.8821428571428,-1.0,-0.005,1,SL,False
RTY,S3,long,RISK_ON,2024-12-03 00:00:00+00:00,2024-12-12 00:00:00+00:00,2419.8,2374.510714285714,-1.0,-0.005,8,SL,False
YM,S3,long,RISK_ON,2024-12-05 00:00:00+00:00,2024-12-09 00:00:00+00:00,44833.0,44633.92857142857,-1.0,-0.005,3,SL,False
ES,S3,long,RISK_ON,2024-12-09 00:00:00+00:00,2024-12-10 00:00:00+00:00,6061.5,6043.0625,-1.0,-0.005,1,SL,False
ES,S3,long,RISK_ON,2024-12-10 00:00:00+00:00,2024-12-18 00:00:00+00:00,6051.0,6051.0,0.7120152574698128,0.003560076287349064,7,STOP_AFTER_TP1,True
DAX,S3,long,RISK_ON,2024-12-17 00:00:00+00:00,2024-12-18 00:00:00+00:00,20259.5,20141.571428571428,-1.0,-0.005,1,SL,False
NQ,S3,long,RISK_ON,2024-12-20 00:00:00+00:00,2024-12-31 00:00:00+00:00,21553.25,21234.25,-0.43890813493525893,-0.002194540674676295,9,SMA50_BREAK,False
DAX,S3,long,RISK_ON,2024-12-20 00:00:00+00:00,2025-03-11 00:00:00+00:00,20110.5,22439.0,4.539896605978871,0.022699483029894357,52,EMA_TRAIL,True
ES,S3,long,RISK_ON,2024-12-23 00:00:00+00:00,2024-12-30 00:00:00+00:00,6036.25,5929.107142857143,-1.0,-0.005,6,SL,False
NKD,S3,long,RISK_ON,2024-12-24 00:00:00+00:00,2024-12-30 00:00:00+00:00,39355.0,39420.0,0.5375878853434272,0.002687939426717136,5,EMA_TRAIL,True
NKD,S3,long,RISK_ON,2025-01-01 00:00:00+00:00,2025-01-10 00:00:00+00:00,39515.0,38993.75,-1.0,-0.005,8,SL,False
YM,S3,long,RISK_ON,2025-02-09 00:00:00+00:00,2025-02-21 00:00:00+00:00,44501.0,43840.07142857143,-1.0,-0.005,11,SL,False
ES,S3,long,RISK_ON,2025-02-09 00:00:00+00:00,2025-02-21 00:00:00+00:00,6064.25,6064.25,0.35929162984058294,0.0017964581492029147,11,STOP_AFTER_TP1,True
ES,S5,long,DEFENSIVE,2025-04-06 00:00:00+00:00,2025-04-07 00:00:00+00:00,4988.5,5185.25,0.6285942492012779,0.00314297124600639,1,SMA50_BREAK,False
NQ,S5,long,DEFENSIVE,2025-04-06 00:00:00+00:00,2025-04-07 00:00:00+00:00,16986.0,17867.5,0.8379277566539924,0.004189638783269963,1,SMA50_BREAK,False
RTY,S5,long,DEFENSIVE,2025-04-06 00:00:00+00:00,2025-04-07 00:00:00+00:00,1777.3,1861.8,0.6420972644376904,0.0032104863221884524,1,SMA50_BREAK,False
YM,S5,long,DEFENSIVE,2025-04-06 00:00:00+00:00,2025-04-07 00:00:00+00:00,37756.0,38918.0,0.5543893129770993,0.0027719465648854964,1,SMA50_BREAK,False
ES,S2,long,RISK_ON,2025-05-12 00:00:00+00:00,2025-10-10 00:00:00+00:00,5850.75,6552.0,2.922418604651166,0.014612093023255831,130,SMA50_BREAK,False
DAX,S2,long,RISK_ON,2025-05-12 00:00:00+00:00,2025-06-19 00:00:00+00:00,23758.5,23064.0,-0.8612808929045991,-0.004306404464522995,28,SMA50_BREAK,False
NKD,S3,long,RISK_ON,2025-05-14 00:00:00+00:00,2025-05-19 00:00:00+00:00,37755.0,37341.07142857143,-1.0,-0.005,4,SL,False
NKD,S3,long,RISK_ON,2025-05-19 00:00:00+00:00,2025-05-21 00:00:00+00:00,37765.0,37005.357142857145,-1.0,-0.005,2,SL,False
RTY,S3,long,RISK_ON,2025-05-19 00:00:00+00:00,2025-05-21 00:00:00+00:00,2102.4,2065.0714285714284,-1.0,-0.005,2,SL,False
RTY,S3,long,RISK_ON,2025-05-21 00:00:00+00:00,2025-05-22 00:00:00+00:00,2054.3,2029.192857142857,-1.0,-0.005,1,SL,False
NQ,S3,long,RISK_ON,2025-05-21 00:00:00+00:00,2025-05-23 00:00:00+00:00,21156.0,20899.9375,-1.0,-0.005,2,SL,False
YM,S3,long,RISK_ON,2025-05-21 00:00:00+00:00,2025-05-23 00:00:00+00:00,41938.0,41577.357142857145,-1.0,-0.005,2,SL,False
NKD,S3,long,RISK_ON,2025-05-22 00:00:00+00:00,2025-07-13 00:00:00+00:00,37290.0,39485.0,2.3446625853212364,0.011723312926606182,44,EMA_TRAIL,True
RTY,S3,long,RISK_ON,2025-05-22 00:00:00+00:00,2025-05-23 00:00:00+00:00,2052.7000000000003,2009.5142857142857,-1.0,-0.005,1,SL,False
NQ,S3,long,RISK_ON,2025-05-23 00:00:00+00:00,2025-08-01 00:00:00+00:00,20954.0,22870.0,3.7145524757060233,0.018572762378530117,60,EMA_TRAIL,True
YM,S3,long,RISK_ON,2025-05-25 00:00:00+00:00,2025-06-13 00:00:00+00:00,42020.0,42175.0,0.405407260001372,0.00202703630000686,17,EMA_TRAIL,True
RTY,S3,long,RISK_ON,2025-05-26 00:00:00+00:00,2025-06-12 00:00:00+00:00,2063.0,2092.8,1.1311621284926145,0.005655810642463073,15,EMA_TRAIL,True
RTY,S3,long,RISK_ON,2025-06-13 00:00:00+00:00,2025-07-15 00:00:00+00:00,2101.6000000000004,2214.6,2.174432497013121,0.010872162485065603,27,EMA_TRAIL,True
YM,S3,long,RISK_ON,2025-06-15 00:00:00+00:00,2025-07-15 00:00:00+00:00,42567.0,44190.0,1.8844472204872014,0.009422236102436006,26,EMA_TRAIL,True
NKD,S3,long,RISK_ON,2025-07-14 00:00:00+00:00,2025-08-01 00:00:00+00:00,39685.0,39975.0,0.931080718691341,0.0046554035934567055,16,EMA_TRAIL,True
DAX,S3,long,RISK_ON,2025-07-16 00:00:00+00:00,2025-08-01 00:00:00+00:00,24289.5,23864.964285714286,-1.0,-0.005,12,SL,False
RTY,S3,long,RISK_ON,2025-07-16 00:00:00+00:00,2025-07-30 00:00:00+00:00,2234.3,2234.3,0.3528292914883469,0.0017641464574417345,12,STOP_AFTER_TP1,True
YM,S3,long,RISK_ON,2025-07-16 00:00:00+00:00,2025-07-31 00:00:00+00:00,44377.0,44377.0,0.4341590107376848,0.002170795053688424,13,STOP_AFTER_TP1,True
NKD,S3,long,RISK_ON,2025-08-04 00:00:00+00:00,2025-08-25 00:00:00+00:00,40550.0,42340.0,1.5631362356508514,0.007815681178254257,18,EMA_TRAIL,True
NQ,S3,long,RISK_ON,2025-08-11 00:00:00+00:00,2025-08-19 00:00:00+00:00,23659.5,23659.5,0.2728550227860723,0.0013642751139303615,7,STOP_AFTER_TP1,True
RTY,S2,long,RISK_ON,2025-08-12 00:00:00+00:00,2025-10-10 00:00:00+00:00,2293.7000000000003,2384.2,0.9728941104200197,0.004864470552100098,51,SMA50_BREAK,False
YM,S2,long,RISK_ON,2025-08-22 00:00:00+00:00,2025-10-10 00:00:00+00:00,45731.0,45475.0,-0.19564920708573347,-0.0009782460354286673,42,SMA50_BREAK,False
NKD,S3,long,RISK_ON,2025-08-26 00:00:00+00:00,2025-09-01 00:00:00+00:00,42440.0,41841.96428571428,-1.0,-0.005,5,SL,False
NQ,S3,long,RISK_ON,2025-08-27 00:00:00+00:00,2025-09-02 00:00:00+00:00,23548.25,23282.660714285714,-1.0,-0.005,5,SL,False
NQ,S2,long,RISK_ON,2025-09-15 00:00:00+00:00,2025-10-10 00:00:00+00:00,24556.5,24188.0,-0.440460182279994,-0.00220230091139997,22,SMA50_BREAK,False
NKD,S2,long,RISK_ON,2025-09-18 00:00:00+00:00,2025-11-04 00:00:00+00:00,45510.0,49685.0,3.3719806763285023,0.01685990338164251,40,EMA_TRAIL,True
ES,S3,long,RISK_ON,2025-10-13 00:00:00+00:00,2025-10-14 00:00:00+00:00,6711.5,6597.785714285715,-1.0,-0.005,1,SL,False
RTY,S3,long,RISK_ON,2025-10-16 00:00:00+00:00,2025-10-17 00:00:00+00:00,2472.4,2443.217857142857,-1.0,-0.005,1,SL,False
RTY,S3,long,RISK_ON,2025-10-19 00:00:00+00:00,2025-10-30 00:00:00+00:00,2472.3,2472.3,0.4313373780005279,0.0021566868900026394,10,STOP_AFTER_TP1,True
DAX,S3,long,RISK_ON,2025-10-21 00:00:00+00:00,2025-10-31 00:00:00+00:00,24426.5,24046.0,-0.6680042635901956,-0.003340021317950978,8,SMA50_BREAK,False
ES,S3,long,RISK_ON,2025-10-31 00:00:00+00:00,2025-11-04 00:00:00+00:00,6873.0,6806.616071428572,-1.0,-0.005,3,SL,False
NQ,S3,long,RISK_ON,2025-10-31 00:00:00+00:00,2025-11-04 00:00:00+00:00,25983.75,25670.053571428572,-1.0,-0.005,3,SL,False
ES,S3,long,RISK_ON,2025-11-05 00:00:00+00:00,2025-11-07 00:00:00+00:00,6823.0,6714.696428571428,-1.0,-0.005,2,SL,False
NQ,S3,long,RISK_ON,2025-11-05 00:00:00+00:00,2025-11-07 00:00:00+00:00,25716.25,25099.848214285714,-1.0,-0.005,2,SL,False
YM,S3,long,RISK_ON,2025-11-05 00:00:00+00:00,2025-11-07 00:00:00+00:00,47418.0,46751.03571428572,-1.0,-0.005,2,SL,False
NKD,S3,long,RISK_ON,2025-11-07 00:00:00+00:00,2025-11-18 00:00:00+00:00,50580.0,49058.57142857143,-1.0,-0.005,9,SL,False
NQ,S3,long,RISK_ON,2025-11-10 00:00:00+00:00,2025-11-13 00:00:00+00:00,25736.75,25069.723214285714,-1.0,-0.005,3,SL,False
ES,S3,long,RISK_ON,2025-11-12 00:00:00+00:00,2025-11-13 00:00:00+00:00,6879.5,6794.089285714285,-1.0,-0.005,1,SL,False
RTY,S2,long,RISK_ON,2025-12-10 00:00:00+00:00,2025-12-31 00:00:00+00:00,2556.8,2500.5035714285714,-1.0,-0.005,18,SL,False
ES,S2,long,RISK_ON,2025-12-11 00:00:00+00:00,2025-12-12 00:00:00+00:00,6910.25,6805.642857142857,-1.0,-0.005,1,SL,False
NKD,S3,long,RISK_ON,2025-12-28 00:00:00+00:00,2026-01-23 00:00:00+00:00,50675.0,52910.0,3.1314784506273696,0.015657392253136847,23,EMA_TRAIL,True
YM,S3,long,RISK_ON,2025-12-29 00:00:00+00:00,2025-12-31 00:00:00+00:00,48740.0,48491.96428571428,-1.0,-0.005,2,SL,False
ES,S3,long,RISK_ON,2025-12-29 00:00:00+00:00,2025-12-31 00:00:00+00:00,6951.0,6911.125,-1.0,-0.005,2,SL,False
DAX,S2,long,RISK_ON,2025-12-30 00:00:00+00:00,2026-02-05 00:00:00+00:00,24741.5,24521.0,-0.4430252583237653,-0.0022151262916188267,25,SMA50_BREAK,False
ES,S3,long,RISK_ON,2026-01-01 00:00:00+00:00,2026-01-02 00:00:00+00:00,6920.0,6867.705357142857,-1.0,-0.005,1,SL,False
ES,S3,long,RISK_ON,2026-01-04 00:00:00+00:00,2026-01-18 00:00:00+00:00,6912.0,6912.0,0.4306884261864592,0.002153442130932296,12,STOP_AFTER_TP1,True
YM,S2,long,RISK_ON,2026-01-05 00:00:00+00:00,2026-02-01 00:00:00+00:00,49261.0,48770.0,-0.37347531987721033,-0.0018673765993860517,23,SMA50_BREAK,False
NQ,S3,long,RISK_ON,2026-01-11 00:00:00+00:00,2026-01-14 00:00:00+00:00,25748.75,25748.75,0.32454076077411903,0.0016227038038705952,3,STOP_AFTER_TP1,True
RTY,S3,long,RISK_ON,2026-01-23 00:00:00+00:00,2026-01-25 00:00:00+00:00,2671.8,2649.9892857142854,-1.0,-0.005,1,SL,False
RTY,S3,long,RISK_ON,2026-01-25 00:00:00+00:00,2026-01-29 00:00:00+00:00,2665.6000000000004,2624.571428571429,-1.0,-0.005,4,SL,False
NKD,S3,long,RISK_ON,2026-01-26 00:00:00+00:00,2026-02-05 00:00:00+00:00,53135.0,53135.0,0.4002061952293919,0.0020010309761469593,9,STOP_AFTER_TP1,True
RTY,S3,long,RISK_ON,2026-02-02 00:00:00+00:00,2026-02-05 00:00:00+00:00,2648.6000000000004,2596.5,-0.5439021662130439,-0.0027195108310652193,3,SMA50_BREAK,False
